SMILES,Reward
O=C(NCc1ccc2c(c1)COC2)c1cccc(NC(=O)c2ccc(NC(=O)c3ccccc3)cc2)c1,8.440098762512207
O=C(Nc1ccc2nccnc2c1)c1ccc(NCc2ccc3c(c2)COC3)cn1,8.429126739501953
O=C(Nc1cccc(C(=O)C2CC3CCC2C3)c1)c1cc(NCc2ccc3c(c2)COC3)ccn1,8.425975799560547
O=C(Nc1cc(C(=O)NCc2ccc3c(c2)COC3)no1)c1ccccc1,8.416181564331055
O=C(Nc1nc(C(=O)NC2Cc3ccccc3C2)co1)c1cc(NCc2ccc3c(c2)COC3)ccn1,8.414507865905762
O=C(Nc1cnn(-c2ccccc2)c1)c1cc(NCc2ccc3c(c2)COC3)ccn1,8.410734176635742
O=C(NCc1ccnc(NCc2ccc3c(c2)COC3)c1)c1c[nH]c2nccc-2c1,8.399208068847656
O=C(Nc1ccnc(NCc2ccc3c(c2)COC3)c1)c1ccnc(NCc2ccc3c(c2)COC3)c1,8.383880615234375
O=C(Nc1c[nH]c2nccc-2c1)c1cc(NCc2ccc3c(c2)COC3)ccn1,8.383201599121094
O=C(Nc1c[nH]c2nccc-2c1)c1cc(NCc2cc3n(n2)CCC3)ccn1,8.37235164642334
O=C(Nc1c[nH]c2nccc-2c1)c1cccc(NCc2ccc3c(c2)COC3)c1,8.36778736114502
O=C(Nc1cnn(CC2CC2)c1)c1ccc(Nc2cccc3c2CC=C3)cn1,8.364336967468262
O=C(NCc1ccncn1)c1cccc(NC(=O)c2ccc(NCc3ccc4c(c3)COC4)cc2)c1,8.361862182617188
O=C(Nc1ccc2c(n1)CCC2)c1cccc(NCc2ccc3c(c2)COC3)c1,8.358091354370117
O=C(NCc1ccc2c(c1)COC2)c1cccc(NCc2ccc3c(c2)COC3)n1,8.356902122497559
O=C(Nc1cnn(-c2ccccc2)c1)c1ccc(NCc2ccc3c(c2)COC3)nc1,8.356061935424805
O=C(Nc1nc(C(=O)NCc2ccc3c(c2)COC3)co1)c1cnc2ccccc2c1,8.356038093566895
O=C(Nc1cccc(C(=O)Nc2cccc(-c3cnco3)c2)c1)c1ccc(NCc2ccc3c(c2)COC3)cc1,8.351122856140137
O=C(NCc1cccc(NC(=O)c2coc(NC(=O)C3CC4CCC3C4)n2)n1)c1ccc2nccnc2c1,8.347091674804688
O=C(Nc1nc(C(=O)Nc2cnn(-c3ccccc3)c2)co1)c1ccc(NCc2ccc3c(c2)COC3)cc1,8.34659194946289
O=C(Nc1cnn(-c2ccccc2)c1)c1cc(NCc2ccc3c(c2)CCO3)ccn1,8.344954490661621
O=C(NCc1cnc(NC(=O)C2CC3CCC2C3)nc1)c1ccc2nccnc2c1,8.343734741210938
O=C(Nc1cc(NCc2ccc3c(c2)COC3)ncn1)c1cccc(NC2CC3CCC2C3)c1,8.33936882019043
O=C(Nc1cnn(-c2ccccc2)c1)c1cncc(NCc2ccc3c(c2)COC3)n1,8.339303970336914
O=C(NCc1ccc2c(c1)COC2)c1cc(NC(=O)c2cccnc2NCc2ccc3c(c2)COC3)ccn1,8.333444595336914
O=C(Nc1nc(C(=O)NCc2ccc3c(c2)COC3)co1)c1ccc2nonc2c1,8.333405494689941
O=C(NCc1ccc(NCc2ccc3c(c2)COC3)o1)c1cc(NCC2CC3CCC2C3)ccn1,8.33304214477539
O=C(NCc1ccc2c(c1)COC2)c1cc(NCc2ccc3c(c2)COC3)ccn1,8.331897735595703
O=C(Nc1cnn(CC2CC2)c1)c1ccc(Nc2cccc3c2OCC3)cc1,8.329760551452637
O=C(Nc1ccc(NCc2cc3n(n2)CCC3)nn1)c1ccccc1,8.32841682434082
O=C(NCc1ccnc(NCc2ccc3c(c2)COC3)c1)c1ccnc(Nc2cccc3c2OCC3)c1,8.32537841796875
O=C(NCc1ccc2c(c1)COC2)c1cccc(NC(=O)c2nccc3occc23)c1,8.321934700012207
O=C(NCc1ccc2c(c1)COC2)c1cccc(N2CCc3ccccc3C2)c1,8.318985939025879
O=C(NCc1ccc2c(c1)CCO2)c1cccc(NC(=O)c2ccc(NCc3ccc4nonc4c3)cc2)c1,8.318831443786621
O=C(Nc1cnn(CC2CC2)c1)c1ccc(NCc2ccc3c(c2)COC3)cn1,8.315008163452148
O=C(Nc1ccc(NCc2cc3n(n2)CCC3)cn1)c1ccccc1,8.314284324645996
O=C(Nc1cc(C(=O)Nc2ccc3c(c2)CNC3)no1)c1ccccc1,8.312621116638184
O=C(Nc1cccc(C(=O)Nc2cncc3ccccc23)c1)c1ccc(NCc2ccc3c(c2)CCO3)cc1,8.312335968017578
O=C(Nc1cccc(C2CCCN2)c1)c1cc(NCc2ccc3c(c2)COC3)ccn1,8.312082290649414
O=C(NCc1cnc(NC(=O)c2ccccc2)nc1)c1ccnc(NC(=O)C2CCNC2)c1,8.311676025390625
O=C(Nc1ccnc(NCc2ccc3c(c2)COC3)c1)c1ccc(Nc2cccc3c2CCN3)cc1,8.31041145324707
O=C(Nc1nc(C(=O)NCc2cc3n(n2)CCC3)co1)c1ccc2nonc2c1,8.309469223022461
O=C(Nc1ccnc(NCc2ccc3c(c2)CCO3)c1)c1c[nH]c2nccc-2c1,8.309043884277344
O=C(NCc1ccc2c(c1)COC2)c1cccc(NC(=O)c2cc(NCc3ccc4nccnc4c3)ccn2)c1,8.308222770690918
O=C(Nc1cnn(CC2CC2)c1)c1ccc(Nc2ccc3c(c2)OCC3)cc1,8.30810546875
O=C(Nc1nc(C(=O)Nc2cccc3cccnc23)co1)c1ccc(NCc2ccc3c(c2)COC3)cc1,8.30772590637207
O=C(Nc1ccc2c(c1)CNC2)c1cccc(NC(=O)c2cncc3ccccc23)c1,8.307655334472656
O=C(NCc1ccnc(NCc2ccc3c(c2)COC3)c1)c1ccc(NCc2ccc3c(c2)CCO3)cc1,8.307541847229004
O=C(Nc1ncc2c(n1)CCC2)c1cc(NCc2ccc3c(c2)COC3)ccn1,8.305310249328613
O=C(Nc1ccc2nccnc2c1)c1ccc(NCC2CC3CCC2C3)cn1,8.304315567016602
O=C(NCc1ccccn1)c1cccc(NC(=O)c2cc(NCc3cc4n(n3)CCC4)ccn2)c1,8.304288864135742
O=C(Nc1cccc2c1CCO2)c1cc(NCc2ccc3c(c2)COC3)ccn1,8.303987503051758
O=C(NCc1cccc(NC(=O)c2ccnc(NC3CCC4(CC3)CC4)c2)c1)c1ccc2nccnc2c1,8.303176879882812
O=C(Nc1cccc(C(=O)C2CC3CCC2C3)c1)c1ccnc(Nc2cccc3c2OCC3)n1,8.301859855651855
O=C(NCc1ccc2c(c1)COC2)c1cccc(NC(=O)c2cccnc2Nc2cccc3c2OCC3)c1,8.30134391784668
O=C(Nc1ccnc(NCc2ccc(NCc3ccc4c(c3)COC4)nn2)c1)C1=CCCC1,8.300697326660156
O=C(Nc1ccc2nccnc2c1)c1ccc(NCc2ccc3c(c2)COC3)nc1,8.299592018127441
O=C(Nc1cnn(CC2CC2)c1)c1ccc(NCC2Cc3ccccc3C2)nc1,8.299283981323242
O=C(NCc1ccc2c(c1)COC2)c1cc(NC2Cc3ccccc3C2)ccn1,8.299007415771484
O=C(Nc1cnn(CC2CC2)c1)c1ccc(Nc2cccc3c2OCO3)cc1,8.297361373901367
O=C(Nc1cnn(CC2CC2)c1)c1ccc(Nc2cccc3c2OCC3)cn1,8.297066688537598
O=C(NCc1ccc(NCc2ccc3c(c2)COC3)cn1)c1cc(NCc2ccc3c(c2)CCO3)ccn1,8.296102523803711
O=C(Nc1cnn(CC2CC2)c1)c1ccc(NCC2Cc3ccccc3C2)cn1,8.295453071594238
O=C(Nc1ccc2c(c1)COC2)c1ccc(Nc2ccc(-c3cncnc3)cc2)cn1,8.294815063476562
O=C(NCc1ccc(NCc2ccc3c(c2)COC3)nc1)c1ccc2nccnc2c1,8.294696807861328
O=C(Nc1cnn(CC2CC2)c1)c1ccc(Nc2cccc3c2CCO3)cn1,8.293593406677246
O=C(Nc1cnn(-c2ccccc2)c1)c1cccc(NCc2ccc3c(c2)CCO3)n1,8.293243408203125
O=C(Nc1cnn(CC2CC2)c1)c1ccc(Nc2cccc3c2OCO3)cn1,8.292673110961914
O=C(NCc1ccc(NC(=O)c2ccnc(NC(=O)C3CC4CCC3C4)c2)cc1)c1ccc2nccnc2c1,8.29229736328125
O=C(NCc1ccc(NCc2ccc3c(c2)CCO3)cc1)c1c[nH]c2nccc-2c1,8.292179107666016
O=C(Nc1ccnc(NC(=O)c2cccnc2)c1)c1ccc(NCc2ccc3c(c2)COC3)cc1,8.291666030883789
O=C(Nc1nc(C(=O)NCc2cc3n(n2)CCC3)co1)c1ccccc1,8.291389465332031
O=C(Nc1cccc(C(=O)NC2CCc3ccccc3C2)c1)c1ccc(NCc2ccc3c(c2)COC3)cc1,8.289762496948242
O=C(NCc1ccc2c(c1)COC2)c1cncc(Nc2cccc3c2CC=C3)n1,8.288171768188477
O=C(Nc1ccc2c(n1)CCO2)c1cc(NCc2ccc3c(c2)COC3)ccn1,8.288125991821289
O=C(Nc1cc(C(=O)Nc2ccc3c(c2)CCO3)no1)c1ccccc1,8.287673950195312
O=C(Nc1cnn(CC2CC2)c1)c1ccc(Nc2ccc3c(c2)CCO3)cc1,8.286827087402344
O=C(Nc1ccnc(NC(=O)c2cnco2)n1)c1ccc(NCc2ccc3c(c2)COC3)cc1,8.286567687988281
O=C(Nc1cnn(CC2CC2)c1)c1ccc(Nc2ccc3c(c2)COC3)cc1,8.286101341247559
O=C(Nc1ccnc(NC(=O)C2CCCNC2)c1)c1cc(NCc2ccc3c(c2)COC3)ccn1,8.285632133483887
O=C(NCc1ccc(NC(=O)c2ccccc2)nc1)c1ccnc(NC(=O)C2CC3CCC2C3)c1,8.285123825073242
O=C(Nc1ccc2ccoc2c1)c1cc(NCc2ccc3c(c2)COC3)ccn1,8.283899307250977
O=C(NCc1ccc2c(c1)CCO2)c1cccc(NC(=O)c2ccc(NC(=O)c3ccoc3)cc2)c1,8.283485412597656
O=C(Nc1ccc2ncoc2c1)c1ccc(NCc2cc3n(n2)CCC3)cn1,8.283134460449219
CC(Nc1ccc2c(c1)CNC2)c1cccc(NCc2ccc3c(c2)COC3)c1,8.282723426818848
O=C(NCc1ccc2c(c1)COC2)c1cccc(NCc2ccc3c(c2)CCO3)c1,8.2820405960083
O=C(Nc1ccc2c(n1)CCC2)c1cccc(NC2Cc3ccccc3C2)c1,8.28199577331543
O=C(Nc1ccc(C(=O)NCc2ccc3c(c2)COC3)o1)c1ccccc1,8.279118537902832
O=C(Nc1ccnc(NC2CC3CCC2C3)c1)c1ccc(Nc2cccc3c2OCC3)cc1,8.278827667236328
O=C(NCc1ccc2c(c1)COC2)c1ccnc(Nc2cccc3c2OCC3)c1,8.277242660522461
O=C(NC1Cc2ccccc2C1)c1cnc(NCc2cc3n(n2)CCC3)o1,8.276979446411133
O=C(Nc1ccnc(NC(=O)c2ccccc2)c1)c1ccc(NCc2ccc3c(c2)CCO3)cc1,8.276504516601562
O=C(Nc1cnn(CC2CC2)c1)c1coc(NCc2ccc3c(c2)CCO3)n1,8.275371551513672
O=C(Nc1ccnc(NC2CCC3(CC2)CC3)c1)c1ccc(Nc2ccc3c(c2)OCC3)cc1,8.275320053100586
O=C(Nc1ccc(-c2cnco2)cc1)c1cc(NCc2cc3n(n2)CCC3)ccn1,8.274981498718262
O=C(NC1Cc2ccccc2C1)c1cccc(NC(=O)c2cc(NCc3ccc4c(c3)CCO4)ccn2)c1,8.274499893188477
O=C(Nc1cnn(CC2CC2)c1)c1ccc(Nc2ccc3c(c2)CNC3)cc1,8.273587226867676
O=C(Nc1ccc2c(c1)COC2)c1ccc(CNC(=O)c2nccc3occc23)cc1,8.273395538330078
O=C(Nc1cccc2ncnc(NCc3cc4n(n3)CCC4)c12)C1CCNC1,8.272706985473633
O=C(Nc1cccc(CNc2ccnc(NCc3ccc4c(c3)COC4)c2)c1)C1=CCCC1,8.272331237792969
O=C(Nc1cnn(CC2CC2)c1)c1ccc(Nc2cccc3c2CCN3)cc1,8.269784927368164
O=C(Nc1cccc(C(=O)NCc2ccc3c(c2)CCO3)c1)Nc1cccc(C(=O)Nc2cccc3cccnc23)c1,8.268415451049805
O=C(NCc1ccc2c(c1)CCO2)c1cccc(NC(=O)c2ccc(NC(=O)c3cccnc3)cc2)c1,8.267436027526855
O=C(NCc1ccc(NC(=O)c2ccccc2)nc1)c1cccc(NC(=O)C2CCNC2)c1,8.266829490661621
O=C(C=Cc1ccc(NC(=O)c2ccccc2)cc1)Nc1ccc2c(c1)CNC2,8.26671028137207
O=C(Nc1cnn(-c2ccccc2)c1)c1ccc(Nc2ccc3c(c2)COC3)cc1,8.265178680419922
O=C(Nc1cccc2c1CCO2)c1cccc(NC(=O)c2cccnc2NCc2ccc3c(c2)COC3)c1,8.264966011047363
O=C(Nc1cccc2c(NCc3cc4n(n3)CCC4)ccnc12)C1CCNC1,8.264725685119629
O=C(Nc1ccc2c(n1)CCC2)c1ccc(Nc2ccc3c(c2)COC3)cc1,8.263694763183594
O=C(NCc1ccc2c(c1)COC2)c1cccc(NC(=O)c2ccc3nccn3c2)c1,8.262176513671875
O=C(NCc1cccnc1NCc1cc2n(n1)CCC2)c1cc(NCc2ccc3c(c2)CCO3)ccn1,8.261444091796875
O=C(Nc1ccc(NC(=O)c2ccccc2)nc1)c1ccc(NCc2ccc3c(c2)COC3)cc1,8.261279106140137
O=C(Nc1cccc(C(=O)Nc2ccc3c(c2)CNC3)n1)c1ccccc1,8.260643005371094
O=C(Nc1cnc(NCc2cc3n(n2)CCC3)cn1)c1ccccc1,8.26010513305664
O=C(Nc1ccnc(NC2Cc3ccccc3C2)c1)c1ccc(NC2CC3CCC2C3)cc1,8.25993824005127
O=C(Nc1cncc(NCc2cc3n(n2)CCC3)n1)c1cc(NCc2ccc3c(c2)COC3)ccn1,8.259897232055664
O=C(NCc1ccc(NC(=O)C2CC3CCC2C3)o1)c1cccc(NCc2ccc3c(c2)COC3)c1,8.25947380065918
O=C(Nc1ccnc(Nc2cccc3c2OCC3)c1)c1cccnc1NCc1ccc2c(c1)COC2,8.259389877319336
O=C(NCc1ccnc(NC(=O)c2cc(NCc3cc4n(n3)CCC4)ccn2)c1)C1=CCCC1,8.258339881896973
O=C(Nc1ccc2ncncc2c1)c1cc(NCc2ccc3c(c2)COC3)no1,8.25833797454834
O=C(NCc1cccnc1NCc1cc2n(n1)CCC2)c1c[nH]c2nccc-2c1,8.25792407989502
O=C(Nc1cccc(C2(O)CC2)c1)c1ccnc(NCc2ccc3c(c2)COC3)c1,8.25780963897705
O=C(Nc1ccc2c(c1)CCO2)c1ccc(CNC(=O)c2nccc3occc23)cc1,8.25761890411377
O=C(NCc1ccc2c(c1)COC2)c1ccnc(NC(=O)c2ccoc2)c1,8.257295608520508
O=C(NCc1ccc2c(c1)CCO2)c1cccc(NC(=O)c2cncc3ccccc23)c1,8.256040573120117
O=C(Nc1ncc(C(=O)NCc2ccc(NCc3ccc4c(c3)COC4)nc2)[nH]1)c1ccccc1,8.254964828491211
O=C(Nc1ccc(-c2cncnc2)cc1)c1cc(NCc2ccc3c(c2)CCO3)ccn1,8.254226684570312
O=C(NCc1ccc2c(c1)COC2)c1cc(Nc2cccc3c2CC=C3)ncn1,8.253828048706055
O=C(Nc1cnn(-c2ccccc2)c1)c1ccc(NCc2ccc3c(c2)CCO3)cn1,8.253106117248535
O=C(NCc1ccc(NC(=O)c2ccco2)nc1)c1cccc(NC2CC3CCC2C3)c1,8.25306224822998
O=C(Nc1cccc(C(=O)Nc2ccc3c(n2)CCC3)n1)c1ccccc1,8.252815246582031
O=C(Nc1ccnc(NC(=O)C2CCNC2)c1)c1cc(NCc2ccc3c(c2)COC3)ccn1,8.252527236938477
O=C(NCc1nccc(NCc2ccc3c(c2)COC3)n1)c1cccc(NC(=O)C2CC3CCC2C3)c1,8.25217056274414
O=C(Nc1ccc2c(c1)CNC2)c1ccc(Nc2ccc(-c3cncnc3)cc2)cn1,8.250971794128418
O=C(NCc1ccc2c(c1)COC2)c1cncc(Nc2cccc3c2CC=C3)c1,8.250423431396484
O=C(Nc1cnn(CC2CC2)c1)c1ccc(NCc2ccc(NC(=O)c3ccco3)nc2)cc1,8.249980926513672
O=C(Nc1nc(C(=O)Nc2ccc3c(c2)COC3)co1)c1ccc2nonc2c1,8.24948787689209
O=C(Nc1ccc2c(n1)CCC2)c1cccnc1NCc1ccc2c(c1)COC2,8.247931480407715
O=C(Nc1ccc2nccnc2c1)c1ccc(NCc2ccc3c(c2)CCO3)cc1,8.247819900512695
O=C(Nc1cnn(-c2ccccc2)c1)c1coc(NCc2ccc3c(c2)CCO3)n1,8.24620532989502
O=C(Nc1cccc(NCc2cc3n(n2)CCC3)c1)c1ccc2nccnc2c1,8.24616813659668
O=C(Nc1nccc(C(=O)NCc2ccc3c(c2)COC3)n1)c1ccc2nonc2c1,8.245954513549805
O=C(Nc1nccc(C(=O)NCc2ccc(NCc3ccc4nccnc4c3)nc2)n1)C1=CCCC1,8.24540901184082
O=C(NCc1ccc2c(c1)COC2)c1ccnc(NC(=O)c2ccnnc2)c1,8.244743347167969
O=C(Nc1ccc(C(=O)Nc2nc(C(=O)NCc3ccc4c(c3)CCO4)co2)cc1)c1ccccc1,8.244251251220703
O=C(Nc1cccc(NCc2cc3n(n2)CCC3)n1)c1ccc2nccnc2c1,8.24343204498291
O=C(Nc1cccc2nccnc12)c1cc(NCc2ccc3c(c2)COC3)ccn1,8.243075370788574
O=C(Nc1ccc2c(c1)CNC2)c1coc(NC(=O)c2c[nH]c3ccccc23)n1,8.242755889892578
O=C(Nc1ccc2nccnc2c1)c1cc(NCc2ccc3c(c2)CCO3)no1,8.242071151733398
O=C(NCc1ccc(NCc2ccc3c(c2)COC3)nc1)c1cncc(NCc2ccc3c(c2)COC3)c1,8.24185848236084
O=C(Nc1cccc(C(=O)C2CC3CCC2C3)c1)c1coc(NCc2ccc3c(c2)COC3)n1,8.241554260253906
O=C(Nc1ccc(CNc2ccc3c(c2)CNC3)cc1)c1ccnc(NC(=O)c2ccccc2)c1,8.241033554077148
O=C(Nc1ccc2c(c1)OCC2)c1ccnc(NC2Cc3ccccc3C2)n1,8.240083694458008
O=C(NCc1ccc2c(c1)CCO2)c1cccc(NC(=O)c2cccnc2Nc2cccc3c2OCC3)c1,8.239446640014648
O=C(Nc1ccc2c(c1)COC2)c1ccc(Nc2ccc(C3CCCN3)cc2)cn1,8.238072395324707
O=C(NCc1ccc2c(c1)COC2)c1ccnc(NC(=O)c2cc3occc3[nH]2)c1,8.237783432006836
O=C(Nc1cccc(-c2cnco2)c1)c1ccc(NCc2ccc3c(c2)COC3)cc1,8.2369384765625
O=C(Nc1cccc2c1OCC2)c1cccc(NCc2ccc3c(c2)COC3)c1,8.235942840576172
O=C(NCc1ccc2c(c1)CCO2)c1cccc(NC(=O)c2ccnc(Nc3cccc4c3CCN4)c2)c1,8.235340118408203
O=C(Nc1ccc2c(c1)CCO2)c1ccc(Nc2ccc(-c3cncnc3)cc2)cc1,8.235002517700195
O=C(Nc1cnn(CC2CC2)c1)c1ccc(NC(=O)c2cc(NCc3ccc4nccnc4c3)ccn2)cc1,8.233820915222168
O=C(Nc1ccc2c(c1)CNC2)c1ccnc(Nc2cncc3ccccc23)c1,8.232732772827148
O=C(Nc1cnn(CC2CC2)c1)c1cccnc1Nc1ccc2c(c1)OCC2,8.231952667236328
O=C(Nc1ccc(NCc2ccc(NCc3ccc4c(c3)COC4)nc2)nn1)c1ccccc1,8.231910705566406
O=C(Nc1ccc2ncncc2c1)c1ccc(NCc2ccc3c(c2)COC3)cc1,8.230878829956055
O=C(NCc1ccc2c(c1)CCO2)c1cccc(NC(=O)c2ccc3nonc3c2)c1,8.23074722290039
O=C(Nc1cc(NCc2ccc3c(c2)COC3)ncn1)C1=CCCC1,8.230419158935547
O=C(NCc1cccc(NC(=O)c2ccccc2)n1)c1cccc(NC2CC3CCC2C3)c1,8.229961395263672
O=C(NCc1ccc(C(=O)Nc2ccc3c(c2)OCO3)cc1)c1ccc2nccnc2c1,8.229942321777344
O=C(Nc1cnn(-c2ccccc2)c1)c1coc(NCc2cc3n(n2)CCC3)n1,8.229833602905273
O=C(NCc1ccnc(NCc2ccc3c(c2)COC3)c1)c1cccnc1Nc1ccc2c(c1)OCC2,8.229519844055176
O=C(Nc1cccc(NC(=O)c2cc(NCc3cc4n(n3)CCC4)ccn2)c1)c1ccccc1,8.229121208190918
O=C(Nc1cnn(-c2ccccc2)c1)c1ccc(Nc2cccc3c2CCO3)cc1,8.228595733642578
O=C(Nc1ccnc(Nc2cccc3c2OCC3)c1)c1coc(NC(=O)C2CCNC2)n1,8.228351593017578
O=C(NCc1ccc(NCc2ccc3c(c2)CCO3)cc1)c1ccc2nccnc2c1,8.227938652038574
O=C(Nc1cnn(CC2CC2)c1)c1ccc(Nc2cccc3c2NCC3)cc1,8.227567672729492
O=C(Nc1ccc2c(n1)CCC2)c1cccc(NCc2ccc3nccnc3c2)c1,8.2274808883667
O=C(NC1Cc2ccccc2C1)c1ccc(NCc2cc3n(n2)CCC3)cn1,8.227178573608398
O=C(Nc1ccc2c(c1)CCO2)c1ccc(NC(=O)c2ccnc(Nc3cccc4cccnc34)c2)cc1,8.22651481628418
O=C(Nc1ccc2ccoc2c1)c1cccc(NCc2cc3n(n2)CCC3)c1,8.225855827331543
O=C(Nc1cccc(CNC(=O)c2c[nH]c3nccc-3c2)n1)C1=COCC1,8.2252779006958
O=C(NCc1ccccn1)c1cccc(NC(=O)c2ccc(NCc3ccc4c(c3)CCO4)cn2)c1,8.225258827209473
O=C(Nc1cc(CNC(=O)c2cc(NC3Cc4ccccc4C3)ccn2)ccn1)C1=CCCC1,8.224930763244629
O=C(Nc1ccc2nccnc2c1)c1ccc(NCC2CC3CCC2C3)cc1,8.224891662597656
O=C(NCc1cnc(NC(=O)c2ccccc2)nc1)c1cccc(NC(=O)C2CNCCO2)c1,8.224870681762695
O=C(Nc1cc(NCc2ccc3c(c2)COC3)ncn1)C1CCNC1,8.224335670471191
O=C(Nc1ccc2c(c1)OCC2)c1ccc(Nc2ccc(-c3cncnc3)cc2)cc1,8.22427749633789
O=C(Nc1cccc2nccnc12)c1ccc(NCc2ccc3c(c2)COC3)cn1,8.224138259887695
O=C(NCc1ccc2c(c1)CCO2)c1cc(NC2Cc3ccccc3C2)ccn1,8.224117279052734
O=C(Nc1cccc(C(=O)Nc2ccc3c(c2)CNC3)n1)c1ccoc1,8.224061965942383
O=C(NCc1cnc(NC(=O)c2ccccn2)nc1)c1cccc(NC(=O)C2CC3CCC2C3)c1,8.222753524780273
O=C(NCC1Cc2ccccc2C1)c1ccc(NCc2ccc3c(c2)COC3)cn1,8.220577239990234
O=C(NCc1ccc2c(c1)COC2)c1coc(NC(=O)c2cc3occc3[nH]2)n1,8.220260620117188
O=C(Nc1cnn(CC2CC2)c1)c1cccnc1Nc1ccc2c(c1)COC2,8.2200288772583
O=C(Nc1ccc2c(n1)CCC2)c1ccc(NCc2ccc3nccnc3c2)nc1,8.21994400024414
O=C(NCc1ccc(NCc2ccc3c(c2)CCO3)nc1)c1cc(NCc2ccc3c(c2)COC3)ncn1,8.21885871887207
O=C(Nc1ncc(NCc2cc3n(n2)CCC3)cn1)c1ccc2nonc2c1,8.218473434448242
O=C(Nc1ccc2c(c1)CNC2)c1ccc(Nc2ccc(-c3cncnc3)cc2)cc1,8.217819213867188
O=C(Nc1cccc(NCc2ccc(NCc3ccc4c(c3)CCO4)nc2)c1)C1=CCCC1,8.217508316040039
O=C(Nc1ccc(NCc2cc3n(n2)CCC3)cn1)c1cccnc1,8.216958999633789
O=C(Nc1ccc2ccoc2c1)c1cccc(NCc2ccc3c(c2)COC3)c1,8.216513633728027
O=C(Nc1ccnc(NC(=O)c2ccccc2)n1)c1ccc(NC2CC3CCC2C3)cc1,8.216398239135742
O=C(Nc1ccc(NCc2cc3n(n2)CCC3)cn1)c1ccoc1,8.216134071350098
O=C(Nc1ccc(CNc2ccc(CNC(=O)C3CC4CCC3C4)cn2)cn1)c1ccccc1,8.215361595153809
O=C(Nc1ccc(CNc2cnc3c(c2)CCC3)o1)c1ccc2nonc2c1,8.215169906616211
O=C(Nc1cccc(CNc2ccc3c(c2)CNC3)n1)C1=CCCC1,8.213592529296875
O=C(Nc1cnn(CC2CC2)c1)c1ccc(NC(=O)c2cnc3ccccc3c2)cc1,8.213125228881836
O=C(Nc1ncc(CNC(=O)c2ccc(NCc3ccc4c(c3)CCO4)cn2)cn1)c1ccccc1,8.213021278381348
O=C(Nc1cnn(CC2CC2)c1)c1cccc(NC2Cc3ccccc3C2)c1,8.212638854980469
O=C(Nc1ccc(C(=O)NCc2ccc3c(c2)COC3)o1)c1cc2occc2[nH]1,8.212382316589355
O=C(NCc1ccc2c(c1)CCO2)c1ccc(CNC(=O)c2coc(NC(=O)c3cccnc3)n2)cc1,8.212301254272461
O=C(NCc1cccc(NC(=O)c2c[nH]c3ccccc23)n1)c1ccnc(NC(=O)C2CC3CCC2C3)c1,8.211541175842285
O=C(Nc1cnn(CC2CC2)c1)c1ccccc1Nc1ccc2c(c1)COC2,8.211450576782227
O=C(Nc1ccc(C(=O)Nc2cccc(C(=O)Nc3cccc4c3OCC4)n2)cc1)c1ccccc1,8.210634231567383
O=C(NCc1ccc2c(c1)CCO2)c1cccc(NC(=O)c2nccc3occc23)c1,8.21048355102539
O=C(NCc1ccc2c(c1)CCO2)c1ccnc(Nc2cccc3c2OCC3)c1,8.209888458251953
O=C(Nc1c[nH]c2nccc-2c1)c1cc(NCc2ccc3c(c2)COC3)no1,8.209883689880371
O=C(NCc1ccnc(NC(=O)c2ccco2)n1)c1cnc(NCc2cc3n(n2)CCC3)cn1,8.20942497253418
O=C(Nc1ccc2nccnc2c1)c1cnc(NCc2ccc3c(c2)COC3)cn1,8.208560943603516
O=C(Nc1ccc2c(c1)CCO2)c1ccc(Nc2ccc(C3CCCN3)cc2)cc1,8.208337783813477
O=C(Nc1ccnc(NCc2ccc(NCc3ccc4c(c3)CCO4)nc2)c1)C1CCNCC1,8.208324432373047
O=C(Nc1cnn(CC2CC2)c1)c1ccc(Nc2ccc3c(n2)CCC3)cc1,8.208298683166504
O=C(Nc1ccc(C(=O)NCc2ccc3c(c2)COC3)o1)c1ccoc1,8.2081937789917
O=C(NCc1cnc(C(=O)Nc2ccc3c(c2)CCO3)nc1)c1ccc2n[nH]cc2c1,8.208171844482422
O=C(Nc1ccc2nccnc2c1)c1ccc(NCc2ccc3c(c2)CCO3)nc1,8.208105087280273
O=C(Nc1ccc(C(=O)Nc2nc(C(=O)NCc3ccc4nccnc4c3)co2)cc1)C1=CCCC1,8.207527160644531
O=C(NCc1ccc2c(c1)COC2)c1ccc(NCc2nc(-c3ccccc3)no2)cc1,8.207191467285156
O=C(NCc1ccc2c(c1)COC2)c1ccnc(NC(=O)c2cc3occc3[nH]2)n1,8.207122802734375
O=C(NCc1ccc2c(c1)COC2)c1cc(N2CCc3ccccc3C2)ncn1,8.207036972045898
O=C(Nc1cccc2cccnc12)c1ccc(NCc2ccc3c(c2)COC3)cn1,8.206559181213379
O=C(Nc1cnn(-c2ccccc2)c1)c1ccc(NCC2CC3CCC2C3)cc1,8.20583438873291
O=C(NC1Cc2ccccc2C1)c1ccnc(NCc2ccc3c(c2)COC3)c1,8.20539665222168
O=C(Nc1cccc(NCc2ccc(NCc3ccc4c(c3)CCO4)nc2)c1)C1=COCC1,8.205242156982422
O=C(Nc1cccc2c1CCO2)c1cccc(NCc2ccc3c(c2)COC3)c1,8.20514965057373
O=C(Nc1ccc2c(c1)COC2)c1cc(NC2Cc3ccccc3C2)on1,8.204925537109375
O=C(Nc1ccnc(NC2Cc3ccccc3C2)c1)c1cccc(Nc2ccc3c(c2)OCC3)c1,8.204118728637695
O=C(NCc1ccc2c(c1)COC2)c1cccc(NC(=O)c2cc3occc3[nH]2)c1,8.203851699829102
O=C(Nc1cc(C(=O)Nc2ccc3c(c2)CCO3)no1)c1ccc2nonc2c1,8.203678131103516
O=C(Nc1coc(C(=O)Nc2ccc3c(c2)OCC3)c1)c1ccccc1,8.203641891479492
O=C(Nc1ccc(C(=O)C2CC3CCC2C3)cc1)c1ccnc(Nc2cccc3c2OCC3)c1,8.20311164855957
O=C(Nc1cccc(C2(O)CC2)c1)c1ccnc(Nc2cccc3c2OCC3)c1,8.202764511108398
O=C(Nc1ccc2c(c1)COC2)c1ccc(NCc2ccc(NC(=O)C3CCCNC3)nc2)cc1,8.202607154846191
O=C(Nc1ccc2c(c1)CCO2)c1ccc(NCc2ccc3nccnc3c2)cc1,8.202322959899902
O=C(Nc1cccc(NCc2ccc3c(c2)COC3)c1)C1=CCCC1,8.20230484008789
O=C(Nc1ccc(-c2cncnc2)cc1)c1cccc(NCc2ccc3c(c2)COC3)c1,8.201074600219727
O=C(Nc1ccc2nccnc2c1)c1coc(NCc2ccc3c(c2)COC3)n1,8.200475692749023
O=C(Nc1cccc(C2CCNC2)c1)c1cc(NCc2ccc3c(c2)CCO3)ccn1,8.200340270996094
O=C(Nc1cccc(C2CCCN2)c1)c1ccc(NCc2ccc3c(c2)CCO3)cc1,8.200281143188477
O=C(Nc1nc(C(=O)Nc2cccc(C(=O)Nc3ccc4c(c3)OCO4)n2)co1)c1ccccc1,8.199954986572266
O=C(Nc1ccc(C(=O)Nc2coc(CNC(=O)C3CC4CCC3C4)c2)cc1)c1ccccc1,8.19990348815918
O=C(Nc1ccnc(NC2Cc3ccccc3C2)c1)c1cccc(NC(=O)C2CCNC2)c1,8.198652267456055
O=C(Nc1cccc(C2(O)CC2)c1)c1ccc(NCc2ccc3c(c2)CCO3)cc1,8.198365211486816
O=C(Nc1cnn(CC2CC2)c1)c1ccc(NC(=O)C(O)c2ccccc2)cc1,8.198317527770996
O=C(Nc1ccc2nonc2c1)c1cc(NCc2ccc3c(c2)CCO3)ccn1,8.197488784790039
O=C(Nc1ccc2c(c1)CCO2)c1coc(Nc2cnn(-c3ccccc3)c2)n1,8.196685791015625
O=C(Nc1ccc2c(c1)OCC2)c1coc(NC(=O)c2c[nH]c3ccccc23)n1,8.195815086364746
O=C(Nc1ccnc(NC(=O)c2cc3occc3[nH]2)c1)c1cc(NCc2ccc3c(c2)COC3)ccn1,8.194795608520508
O=C(Nc1cnn(CC2CC2)c1)c1cc(NCc2ccc(NC(=O)c3c[nH]c4ccccc34)cc2)no1,8.194425582885742
O=C(Nc1ccnc(NCC2Cc3ccccc3C2)c1)c1cccc(NC(=O)C2CCNC2)c1,8.194024085998535
O=C(NCc1cncc(NCc2ccc3c(c2)COC3)n1)c1ccc2nccnc2c1,8.193900108337402
O=C(Nc1cccc2ncnc(NCc3ccc4c(c3)CCO4)c12)C1=CCCC1,8.193657875061035
O=C(NCc1ccc(NCC2CC3CCC2C3)cn1)c1c[nH]c2nccc-2c1,8.193540573120117
O=C(Nc1ccc2c(c1)OCC2)c1ccc(NCc2cccc(NC(=O)c3ccccc3)n2)cc1,8.192941665649414
O=C(Nc1ccc2c(c1)CNC2)c1cc(Nc2cncc3ccccc23)ccn1,8.192916870117188
O=C(Nc1ccc(CNc2ccc3c(n2)CCC3)c(Cl)c1)C1=CCCC1,8.192203521728516
O=C(Nc1coc(CNC(=O)c2cc(NCc3ccc4c(c3)COC4)ccn2)c1)c1ccoc1,8.191895484924316
O=C(Nc1cccc(NCc2ccc3c(c2)CCO3)c1)C1C=CCC1,8.191864013671875
O=C(NCc1cnc(NC2CC3CCC2C3)nc1)c1ccnc(NC(=O)c2ccco2)c1,8.191638946533203
O=C(Nc1ccc(NCc2cc3n(n2)CCC3)cn1)c1c[nH]c2ccccc12,8.191516876220703
O=C(Nc1cccnc1NCc1ccc2c(c1)COC2)c1cc(NCc2cc3n(n2)CCC3)ncn1,8.190618515014648
O=C(NCc1cccc(NC(=O)C2CC3CCC2C3)c1)c1coc(NC(=O)c2c[nH]c3ccccc23)n1,8.189905166625977
O=C(NCc1cnc(NC2CCC3(CC2)CC3)cn1)c1ccc2nccnc2c1,8.189828872680664
O=C(Nc1ccc(CNc2ccc3c(c2)CNC3)cc1)C1CCCNC1,8.189525604248047
O=C(NCc1ccnc(NC(=O)C2CCNC2)c1)c1ccnc(Nc2cccc3c2OCC3)c1,8.18951416015625
O=C(NCc1ccc(NC(=O)C2CC3CCC2C3)o1)c1cccc(NC(=O)c2ccco2)c1,8.188907623291016
O=C(NCC1Cc2ccccc2C1)c1coc(NC(=O)c2ccc(NCc3ccc4c(c3)CCO4)cn2)n1,8.188664436340332
O=C(NCc1ccccc1)c1ccc(C(=O)Nc2cnn(CC3CC3)c2)cc1,8.188519477844238
O=C(Nc1ccnc(NC(=O)c2ccc(NCc3ccc4c(c3)CCO4)nc2)c1)c1cccnc1,8.188413619995117
O=C(NCc1ccnc(NCc2ccc3c(c2)COC3)c1)c1ccc(NC(=O)c2ccoc2)cc1,8.187932968139648
O=C(NCc1ccc(C(=O)Nc2ccc3c(c2)OCO3)cc1)c1ccnc(NC(=O)c2ccco2)c1,8.18777084350586
O=C(Nc1cccc(NC(=O)c2ccncn2)c1)c1ccc(NCc2ccc3c(c2)COC3)cc1,8.187318801879883
O=C(NCc1ccc(C(=O)Nc2ccc3c(c2)COC3)cc1)c1ccccc1,8.187131881713867
O=C(NCc1ccc2c(c1)COC2)c1cncc(NC2Cc3ccccc3C2)n1,8.18694019317627
O=C(Nc1nccc(C(=O)NCc2cccnc2)n1)c1ccc(NCc2cc3n(n2)CCC3)cc1,8.186605453491211
O=C(Nc1ccc2c(c1)CNC2)c1ccc(NCc2ccc(NC(=O)c3c[nH]c4ccccc34)cc2)cn1,8.186450958251953
O=C(Nc1ccc2c(c1)CCO2)c1coc(NC(=O)c2c[nH]c3ccccc23)n1,8.186088562011719
O=C(Nc1ccc2c(c1)OCO2)c1ccc(CNC(=O)c2coc(NC(=O)c3ccccc3)n2)cc1,8.185691833496094
O=C(Nc1cnn(CC2CC2)c1)c1ccc(NC(=O)c2ccc3nonc3c2)cc1,8.185379981994629
O=C(Nc1ccc(CNc2ccc3c(c2)CNC3)o1)c1ccccc1,8.185279846191406
O=C(Nc1coc(C(=O)Nc2ccc3c(c2)COC3)c1)c1ccccc1,8.185113906860352
O=C(Nc1c[nH]c2nccc-2c1)c1ccc(Nc2ccc3c(c2)COC3)cc1,8.183753967285156
O=C(Nc1ccnc(NCc2ccc(NCc3ccc4c(c3)COC4)cn2)c1)c1ccc(F)cn1,8.1832857131958
O=C(Nc1ccc2c(c1)COC2)c1ccc(NCc2ccc(NC(=O)c3ccco3)nc2)cc1,8.183269500732422
O=C(Nc1ccc2ccoc2c1)c1cc(NCc2ccc3c(c2)CCO3)ccn1,8.182998657226562
O=C(Nc1cccc2c(NCc3ccc4c(c3)CCO4)ccnc12)C1=COCC1,8.182933807373047
O=C(Nc1cc(C(=O)Nc2cccc(C(=O)Nc3cccc4c3CCO4)n2)ccn1)c1ccccc1,8.182463645935059
O=C(NCc1ccc2c(c1)COC2)c1cnc(NC(=O)c2c[nH]c3ccccc23)[nH]1,8.182318687438965
O=C(Nc1ccnc(NCc2ccc(NCc3ccc4c(c3)CCO4)nn2)c1)C1CCNC1,8.181936264038086
O=C(Nc1cccc(C2CCNC2)c1)c1ccnc(NCc2ccc3c(c2)COC3)c1,8.18154525756836
O=C(Nc1cnn(CC2CC2)c1)c1ccc(NCc2ccc3nonc3c2)cn1,8.181035041809082
O=C(Nc1cccc(NC(=O)c2ccc(NCc3ccc4c(c3)COC4)cn2)c1)c1ccncc1,8.18093204498291
O=C(Nc1cnn(-c2ccccc2)c1)c1cccc(NCCc2ccc3c(c2)CCO3)n1,8.180652618408203
O=C(NCc1ccc2c(c1)CCO2)c1cccc(NC(=O)c2ccc3nccn3c2)c1,8.180130958557129
O=C(NCc1ccc(C(=O)Nc2cnn(CC3CC3)c2)cc1)c1ccnc(Nc2cccc3cccnc23)c1,8.180094718933105
O=C(Nc1cccc(-c2cnco2)c1)c1ccc(NCc2ccc3c(c2)COC3)nc1,8.179651260375977
O=C(Nc1ccc(C(=O)C2CC3CCC2O3)cc1)c1ccnc(NC2Cc3ccccc3C2)c1,8.179333686828613
O=C(NCc1ccc2c(c1)COC2)c1ccnc(NC(=O)c2ccccn2)n1,8.17885684967041
O=C(NCc1ccc(NC(=O)c2ccoc2)nc1)c1cccc(NC(=O)C2CC3CCC2C3)c1,8.178674697875977
O=C(Nc1ccnc(Nc2ccc3c(c2)OCC3)c1)c1cccc(NCC2CC3CCC2C3)n1,8.177959442138672
O=C(Nc1ccnc(NC(=O)c2ccccc2)c1)c1ccc(NCC2CC3CCC2C3)nc1,8.177617073059082
O=C(Nc1ccc2c(c1)CCO2)c1ccc(Nc2cccc3c2CC=C3)cc1,8.176250457763672
O=C(Nc1ccc2c(c1)OCC2)c1cccc(NC(=O)c2nccc3occc23)c1,8.176200866699219
O=C(Nc1ccc(C(=O)Nc2ccc3c(c2)OCC3)o1)c1ccccc1,8.175714492797852
O=C(Nc1ccc2c(c1)CNC2)c1ccc(NCc2cccc(NC(=O)c3ccccn3)c2)cc1,8.175604820251465
O=C(Nc1cccc2c1CCO2)c1cccc(NCc2ccc3c(c2)COC3)n1,8.175494194030762
O=C(NCc1ccnc(NCc2ccc3c(c2)COC3)c1)c1ccnnc1NCc1cc2n(n1)CCC2,8.175414085388184
O=C(NCc1ccc2c(c1)CCO2)c1ccc(NCc2ccc(NC(=O)C3CCCNC3)nc2)nc1,8.175095558166504
O=C(Nc1cc(NCc2ccc3c(c2)COC3)ncn1)c1ccc2nccnc2c1,8.175085067749023
O=C(Nc1ccc2nccnc2c1)c1cccc(NC(=O)C2CC3CCC2O3)n1,8.174930572509766
O=C(NCc1ccc2c(c1)CCO2)c1cc(Nc2cccc3c2CC=C3)ncn1,8.174927711486816
O=C(NCc1ccc2c(c1)CCO2)c1c[nH]c2nccc-2c1,8.174320220947266
O=C(Nc1ccc2nccnc2c1)c1cncc(NCc2ccc3c(c2)CCO3)n1,8.174285888671875
O=C(Nc1nc(C(=O)NCc2ccc3c(c2)CCO3)co1)c1ccccc1,8.174168586730957
O=C(Nc1ccc2c(c1)COC2)c1cc(Nc2cccc3c2CCO3)ccn1,8.174090385437012
O=C(NCc1ccc2c(c1)CCO2)c1ccc(NCc2ccc(NC(=O)c3ccccc3)nc2)nc1,8.17355728149414
O=C(Nc1cccc2ncoc12)c1ccc(NCc2cc3n(n2)CCC3)cn1,8.171890258789062
O=C(NC1Cc2ccccc2C1)c1ccc(NCc2ccc3c(c2)COC3)cn1,8.171600341796875
O=C(Nc1ccc2c(c1)CCO2)c1ccccc1Nc1cccc2c1CC=C2,8.171415328979492
O=C(Nc1ccc(NCc2ccc(NCc3ccc4c(c3)CCO4)cc2)nn1)c1ccccc1,8.17120361328125
O=C(Nc1ccc(C(=O)Nc2ccc3c(c2)CNC3)cc1)Nc1ccc2nccnc2c1,8.171107292175293
O=C(Nc1ccc2nccnc2c1)c1ccnc(NCc2ccc3c(c2)CCO3)c1,8.170744895935059
O=C(Nc1cccc(CNc2ccc(C(=O)Nc3ccc4c(c3)CNC4)cn2)c1)c1cccnc1,8.17049789428711
O=C(Nc1cccc(NCc2cc3n(n2)CCC3)c1)c1ccc(NC(=O)c2ccco2)cc1,8.170412063598633
O=C(NCc1cccc(NC(=O)c2ccccc2)c1)c1ccnc(NC2CC3CCC2C3)c1,8.17036247253418
O=C(NCc1cccnc1NCc1ccc2c(c1)CCO2)c1cc(NCc2ccc3c(c2)CCO3)ccn1,8.170098304748535
O=C(Nc1cnn(CC2CC2)c1)c1ccccc1Nc1cccc2c1OCO2,8.169513702392578
O=C(Nc1cccc(C(=O)Nc2ccc3c(c2)COC3)n1)c1ccoc1,8.169489860534668
O=C(Nc1cccc2c(NCc3ccc4c(c3)CCO4)ccnc12)C1CCNC1,8.169488906860352
O=C(Nc1ccc2c(c1)NCCO2)c1cc(NCc2ccc3c(c2)COC3)ccn1,8.169172286987305
O=C(Nc1ccc(CNc2ccc3c(c2)CNCCO3)nc1)c1ccc2nonc2c1,8.168396949768066
O=C(NCc1ccc(C(=O)Nc2ccc3c(c2)COC3)cc1)c1ccc2[nH]ccc2c1,8.167730331420898
O=C(Nc1ccc(NCc2cnc(NC(=O)c3ccccc3)nc2)nc1)C1=CCCC1,8.16767692565918
O=C(NCC1Cc2ccccc2C1)c1ccc(NCc2cc3n(n2)CCC3)cc1F,8.16746711730957
O=C(NCc1ccc2c(c1)CCO2)c1ccnc(NC(=O)c2ccc(F)nc2)c1,8.167173385620117
O=C(Nc1ccc(Nc2ccc(C(=O)NCc3ccc4c(c3)COC4)nc2)cn1)c1ccccc1,8.167085647583008
O=C(Nc1ccc(CNC(=O)c2c[nH]c3nccc-3c2)cc1)C1=CCCC1,8.167025566101074
O=C(Nc1ncc2c(n1)CCC2)c1ccccc1NCc1ccc2c(c1)COC2,8.166723251342773
O=C(NCc1ccccc1)c1cccc(NC(=O)c2coc(NC(=O)C3CC4CCC3C4)n2)c1,8.16614055633545
O=C(Nc1ccc(CNc2ccc3c(n2)CCC3)nc1)C1=CCCC1,8.166015625
O=C(Nc1ccnc(NC2CC3CCC2C3)n1)c1cccc(NC(=O)c2ccco2)n1,8.165715217590332
O=C(NCc1ccnc(NC(=O)C2CCNC2)c1)c1c[nH]c2nccc-2c1,8.165590286254883
O=C(Nc1ccc2nccnc2c1)c1cc(NCc2ccc3c(c2)COC3)ncn1,8.165427207946777
O=C(Nc1ccc2ccoc2c1)c1ccnc(NCc2ccc3c(c2)COC3)c1,8.165414810180664
O=C(Nc1cccc2nccnc12)c1cccc(NCc2ccc3c(c2)COC3)c1,8.165184020996094
O=C(Nc1ccc(CNc2ccc3c(n2)CCC3)o1)C1C=CCC1,8.165016174316406
O=C(Nc1ccnc(Nc2cccc3c2CCN3)c1)c1ccc(NC(=O)C2CCNC2)cc1,8.16501235961914
O=C(Nc1ccnc(NCc2ccc3c(c2)CCO3)c1)c1ccc(NC(=O)c2ccoc2)cc1,8.1646146774292
O=C(Nc1cnn(CC2CC2)c1)c1ccccc1NCc1ccc2c(c1)COC2,8.164308547973633
O=C(Nc1nc(C(=O)NCc2ccc3nccnc3c2)co1)c1ccc(NC(=O)C2CCNC2)cc1,8.164200782775879
O=C(Nc1cccc(C(=O)Nc2cccc3nccnc23)c1)Nc1ccc2c(c1)CCO2,8.164121627807617
O=C(Nc1ccc(CNc2ccc3c(c2)CNC3)nc1)c1ccoc1,8.16356372833252
O=C(Nc1ccnc(Nc2cccc3c2OCO3)c1)c1ccc(NC2CC3CCC2C3)cc1,8.162544250488281
O=C(Nc1ccnc(Nc2cccc3c2OCO3)c1)c1ccnc(Nc2cccc3c2OCC3)c1,8.162504196166992
O=C(NCc1ccc2c(c1)CCO2)c1cc(Nc2cccc3c2CCO3)ccn1,8.162077903747559
O=C(Nc1csc(C(=O)NCc2ccc3c(c2)COC3)c1)c1ccc2nccn2c1,8.16142749786377
O=C(Nc1ccnc(NC(=O)c2ccccc2)n1)c1ccc(NC(=O)C2CC3CCC2C3)cc1,8.161211967468262
O=C(NCc1ccc2c(c1)COC2)c1ccc(Nc2cnn(-c3ccccc3)c2)nc1,8.160985946655273
O=C(Nc1cc(NCc2ccc(NCc3ccc4c(c3)CCO4)nc2)ccn1)C1CCNCC1,8.160654067993164
O=C(Nc1ccc(CNc2cnc3c(c2)CCC3)cn1)c1ccccc1,8.15975570678711
O=C(NCc1ccc(C(=O)Nc2ccc(-c3cncnc3)cc2)cc1)NCc1ccc2c(c1)COC2,8.159353256225586
O=C(C=Cc1ccc(NC(=O)c2ccco2)cc1)Nc1ccc2c(c1)CNC2,8.159107208251953
O=C(NCc1ccc(NC(=O)c2ccccn2)nc1)c1cccc(NC(=O)C2CC3CCC2C3)c1,8.15896987915039
O=C(NCc1ccc2c(c1)CCO2)c1ccnc(NC(=O)c2ccc3nccn3c2)c1,8.15882682800293
O=C(Nc1ccc2c(c1)COC2)c1cncc(Nc2cncc3ccccc23)n1,8.158517837524414
O=C(Nc1ccc(Nc2cccc3c2CCO3)cn1)c1cccc(NCc2ccc3c(c2)COC3)n1,8.158238410949707
O=C(Nc1ccnc(NCC2Cc3ccccc3C2)c1)c1c[nH]c2nccc-2c1,8.157615661621094
O=C(NCc1ccc(C(=O)Nc2ccc3c(c2)CCO3)cc1)c1ccc2[nH]ccc2c1,8.157567977905273
O=C(Nc1ccc(C(=O)Nc2ccc3c(n2)CCC3)cc1)c1ccccc1,8.157430648803711
O=C(Nc1ccnc(NCc2ccc(NCc3ccc4c(c3)CCO4)cn2)c1)C1CC2CCC1C2,8.157083511352539
O=C(Nc1cccc(CNC(=O)c2cc(NCC3CC4CCC3C4)ccn2)n1)c1ccccc1,8.156451225280762
O=C(Nc1ccc(NCc2ccc3c(c2)COC3)nn1)c1ccc2nonc2c1,8.156044006347656
O=C(Nc1ccc(CNc2ccc3c(c2)CNCCO3)cn1)c1ccccc1,8.155906677246094
O=C(Nc1ccc(C(=O)Nc2cccc(C(=O)Nc3cccc4c3OCC4)c2)cc1)c1ccccc1,8.155834197998047
O=C(Nc1ccc2c(c1)CNCCO2)c1coc(NC(=O)c2c[nH]c3ccccc23)n1,8.15567398071289
O=C(Nc1ccc2ccoc2c1)c1coc(NC(=O)C2CC3CCC2C3)n1,8.15560245513916
O=C(NCc1ccc2c(c1)COC2)c1cc(NC2Cc3ccccc3C2)no1,8.155329704284668
O=C(NCc1ccnc(NC(=O)c2ccccc2)n1)c1cccc(NC(=O)C2CCNC2)c1,8.155292510986328
O=C(Nc1cccc(C(=O)Nc2ccc3c(n2)CCC3)n1)c1cccnc1,8.15524673461914
O=C(NCc1ncccc1NCc1ccc2c(c1)COC2)c1cccc(NC(=O)C2CCNC2)c1,8.154874801635742
O=C(Nc1nc(C(=O)Nc2ccc3c(c2)COC3)co1)c1ccccc1,8.154525756835938
O=C(Nc1ccccc1)Nc1cccc(C(=O)NCc2cc3n(n2)CCC3)n1,8.153688430786133
O=C(NCc1ccc2c(c1)COC2)c1coc(NC(=O)C2CCCNC2)n1,8.153656959533691
O=C(Nc1ccnc(Nc2cccc3c2OCC3)n1)c1cccc(NC(=O)C2CCNC2)c1,8.15349006652832
O=C(Nc1cccc2nn[nH]c12)c1cc(NCc2cc3n(n2)CCC3)ccn1,8.153451919555664
O=C(NCc1ccc(C(=O)Nc2ccc3c(c2)CCO3)cc1)c1ccccc1,8.15338134765625
O=C(Nc1ccc(C2CCCN2)cc1)c1ccnc(NC2Cc3ccccc3C2)n1,8.152838706970215
O=C(Nc1ccc2c(c1)COC2)c1cc(Nc2cccc3c2OCC3)ncn1,8.152605056762695
O=C(Nc1ccc2c(c1)CCO2)c1cccc(NCc2cnc(NC(=O)c3ccccn3)nc2)c1,8.152595520019531
O=C(Nc1ccc(C(=O)NCc2ccc3c(c2)CCO3)o1)c1ccccc1,8.152176856994629
O=C(Nc1nc(C(=O)NCC2Cc3ccccc3C2)co1)c1ccc2nonc2c1,8.151933670043945
O=C(Nc1cnn(CC2CC2)c1)c1ccc(NCC2CC3CCC2C3)cc1,8.151914596557617
O=C(Nc1cccc(C(=O)Nc2ccc3c(c2)OCC3)c1)c1ccccc1,8.151782989501953
O=C(Nc1nc(C(=O)Nc2ccc3c(c2)CNC3)co1)c1ccccc1,8.151580810546875
O=C(Nc1cnn(CC2CC2)c1)c1ccc(NCc2ccc3nonc3c2)nc1,8.151359558105469
O=C(NC1CCC2(CC1)CC2)c1ccc(NCc2ccc(NCc3ccc4nccnc4c3)cc2)cn1,8.149482727050781
O=C(Nc1cccc(C(=O)C2CC3CCC2C3)c1)c1ccc(Nc2ccc3c(c2)OCO3)cc1,8.148906707763672
O=C(Nc1cccc2nccnc12)c1ccc(NCc2ccc3c(c2)COC3)nc1,8.148884773254395
O=C(Nc1ccc2c(c1)CNC2)c1cc(NCC2Cc3ccccc3O2)ccn1,8.14885139465332
O=C(Nc1ccc2c(c1)COC2)c1cccc(NC2Cc3ccccc3C2)c1,8.148241996765137
O=C(Nc1ccc2c(c1)COC2)c1ccc(CNC(=O)C23CCC(CC2)CC3)cc1,8.147817611694336
O=C(NCc1ccc2c(c1)COC2)c1ccc(NC(=O)c2ccccc2)cc1,8.147806167602539
O=C(Nc1cccc(C(=O)Nc2cncc3ccccc23)c1)Nc1ccc2c(c1)CCO2,8.146817207336426
O=C(Nc1ccc2c(c1)CCO2)c1ccc(Nc2ccc(C3CCCN3)cc2)cn1,8.146639823913574
O=C(Nc1nc(C(=O)NCc2ccc(NC(=O)c3ccccc3)cc2)co1)C1=CCCC1,8.146171569824219
O=C(Nc1cccnc1Nc1ccc2c(c1)CCO2)c1cccc(NCc2ccc3c(c2)CCO3)c1,8.146099090576172
O=C(Nc1ccc2c(c1)CNC2)c1ccc(Nc2ccc(C3CCCN3)cc2)cn1,8.146052360534668
O=C(NCc1nccc(NCc2ccc3c(c2)COC3)n1)c1ccc(NC(=O)C2CCNC2)cc1,8.14552116394043
O=C(NC1Cc2ccccc2C1)c1ccnc(Nc2cccc3c2OCC3)c1,8.14525318145752
O=C(Nc1ccc2nonc2c1)c1cccc(NCc2ccc3c(c2)CCO3)c1,8.144928932189941
O=C(Nc1cccc2c1OCC2)c1ccnc(Nc2cccc3c2OCC3)c1,8.14449691772461
O=C(NCc1ccnc(NCc2ccc3c(c2)CCO3)c1)c1ccc(NC(=O)c2ccccc2)cc1,8.14441204071045
O=C(Nc1cccc(NCc2ccc3c(c2)COC3)c1)C1CNc2ccccc21,8.144292831420898
O=C(Nc1cnnc(NCc2ccc3c(c2)COC3)c1)c1c[nH]c2ncccc12,8.144287109375
O=C(Nc1cccc(NCc2ccc3c(c2)COC3)n1)C1CCNC1,8.143745422363281
O=C(Nc1ccc2c(c1)OCC2)c1cccc(NCc2ccc3nccnc3c2)c1,8.143327713012695
O=C(NCc1ccc2c(c1)CCO2)c1cncc(Nc2cccc3c2OCC3)n1,8.143301963806152
O=C(Nc1c[nH]c2nccc-2c1)c1cccnc1NCc1ccc2c(c1)COC2,8.143214225769043
O=C(NCc1cnc(NC2CC3CCC2C3)nc1)c1cc(NCc2ccc(NC(=O)c3ccco3)cc2)ccn1,8.143163681030273
O=C(NCc1ccc(C(=O)Nc2ccc3c(c2)CNC3)cc1)c1ccccc1,8.143060684204102
O=C(Nc1ccc(CNc2ccc3c(n2)CCC3)cn1)c1ccccc1,8.142921447753906
O=C(Nc1ccnc(NC(=O)c2ccncn2)c1)c1ccc(NCc2ccc3c(c2)CCO3)cc1,8.142721176147461
O=C(Nc1ccc(Nc2ccc3c(c2)OCC3)cc1)c1c[nH]c2nccc-2c1,8.142542839050293
O=C(Nc1cccc2nccnc12)c1cc(NCc2ccc3c(c2)CCO3)no1,8.14238166809082
O=C(NCc1ccc2c(c1)COC2)c1cncc(Nc2cccc3c2OCO3)n1,8.1421480178833
O=C(NCc1ccc2c(c1)CCO2)c1ccc(Nc2cccc3c2CC=C3)cc1,8.141646385192871
O=C(Nc1ncc(C(=O)NCc2ccc3c(c2)CCO3)[nH]1)c1ccccc1,8.141409873962402
O=C(NC1COc2ccccc21)c1ccnc(NCc2cc3n(n2)CCC3)c1,8.140680313110352
O=C(Nc1cccc(CNc2ccc(C(=O)Nc3ccc4c(c3)CCO4)cn2)c1)c1cccnc1,8.14034652709961
O=C(Nc1ccc(NCc2ccc3c(c2)COC3)nc1)c1nccc2occc12,8.140226364135742
O=C(Nc1cccc(CNC(=O)c2c[nH]c3nccc-3c2)c1)C1=CCCC1,8.13995361328125
O=C(Nc1ccc(C(=O)C2CC3CCC2O3)cc1)Nc1ccc2c(c1)COC2,8.139426231384277
O=C(Nc1cccc(CNc2ccc3c(c2)CNC3)c1)C1=CCCC1,8.139400482177734
O=C(Nc1ccc2c(c1)COC2)c1cc(Nc2cncc3ccccc23)ccn1,8.139179229736328
O=C(Nc1ccc2c(n1)CCC2)c1ccnc(Nc2cccc3c2OCC3)n1,8.13917064666748
O=C(Nc1cc(NCc2cc3n(n2)CCC3)ncn1)c1ccc(NC(=O)c2ccco2)cc1,8.138711929321289
O=C(Nc1ccc(C(=O)Nc2ccc3c(c2)OCC3)cc1)c1ccccc1,8.138684272766113
O=C(Nc1cccc2cccnc12)c1cc(NCc2ccc3c(c2)CCO3)ccn1,8.138525009155273
O=C(NCc1ccc2c(c1)COC2)c1ccc(NCc2cccc(NC(=O)c3cocn3)c2)cc1,8.137946128845215
O=C(Nc1ccc(C(=O)Nc2ccc3c(c2)COC3)o1)c1ccccc1,8.137890815734863
O=C(NCc1ccccc1)c1cccc(C(=O)NCc2ccc3c(c2)CCO3)n1,8.137399673461914
O=C(Nc1ccc(CNc2ccc3c(n2)CCC3)c(Cl)c1)C1=COCC1,8.13718032836914
O=C(Nc1cccc(C2(O)CC2)c1)c1ccnc(NCc2ccc3c(c2)CCO3)n1,8.137028694152832
O=C(NCc1ccc2c(c1)CCO2)c1cc(NCc2ccc3c(c2)COC3)ncn1,8.136879920959473
O=C(Nc1ccc2c(c1)OCC2)c1ccnc(Nc2cccc3c2OCC3)c1,8.13668441772461
O=C(Nc1ccc(C(=O)Nc2ccc3c(c2)CCO3)o1)c1ccccc1,8.136432647705078
O=C(Nc1cccc(NC(=O)c2ccnc(NC3CCc4ccccc4C3)n2)n1)C1=CCCC1,8.136004447937012
O=C(Nc1ccc(C(=O)Nc2cccc(CNc3cnc4c(c3)CCC4)c2)cc1)c1ccccc1,8.135991096496582
O=C(Nc1cnc2n1CCC2)c1ccnc(NC2Cc3ccccc3C2)n1,8.135446548461914
O=C(Nc1ccc2c(c1)CCO2)c1cccc(NCC2Cc3ccccc3O2)c1,8.134550094604492
O=C(Nc1cccc(C(=O)Nc2cccc3cccnc23)c1)Nc1ccc2c(c1)CCO2,8.134469985961914
O=C(NCc1cccc(Nc2ccc3c(c2)CNC3)c1)c1c[nH]c2nccc-2c1,8.1343994140625
O=C(Nc1ccc(CNc2ccc3c(n2)CCC3)nc1)c1ccoc1,8.134061813354492
O=C(NCc1ccnc(NCc2ccc3c(c2)COC3)c1)c1cnn2c1CCC2,8.133955001831055
O=C(NCc1cccnc1NCc1ccc2c(c1)COC2)c1ccc(NCc2ccc3c(c2)CCO3)cn1,8.133712768554688
O=C(Nc1ccc2c(c1)CCO2)c1ccc(CNc2nc3ccccc3o2)cc1,8.133289337158203
O=C(Nc1ccc2c(c1)CNC2)c1cccc(NC2Cc3ccccc3C2)c1,8.133150100708008
O=C(NCc1cccc(NC(=O)c2ccccc2)c1)c1cccc(NC(=O)C2CC3CCC2C3)c1,8.133137702941895
O=C(NCC1Cc2ccccc2C1)c1coc(NC(=O)C2CCNC2)n1,8.133012771606445
O=C(Nc1ccc(CNc2ccc(NC(=O)C3CC4CCC3C4)cc2)cn1)c1ccccc1,8.132902145385742
O=C(Nc1ccc2c(c1)COC2)c1cccc(NC(=O)c2nccc3occc23)c1,8.132537841796875
O=C(Nc1cccc(NC(=O)c2ccc(Nc3ccc4c(c3)CCO4)cn2)n1)c1ccccc1,8.132174491882324
O=C(Nc1cccc(C(=O)NCC2Cc3ccccc3C2)c1)Nc1ccc2c(c1)CCO2,8.131307601928711
O=C(NCc1ccc2c(c1)CCO2)c1ccc(Nc2ccc3c(c2)COC3)cc1,8.131264686584473
O=C(Nc1ccc2c(c1)OCC2)c1cccc(NC2Cc3ccccc3C2)c1,8.131123542785645
O=C(Nc1ccnc(NC(=O)C2CCCNC2)c1)c1ccc(NCc2ccc3c(c2)COC3)cc1F,8.130990982055664
O=C(Nc1ccnc(NC(=O)c2ccccn2)c1)c1ccc(Nc2ccc3c(c2)CNC3)cc1,8.130849838256836
O=C(NCc1ccc(NC(=O)c2ccccc2)cc1)c1cccc(NC(=O)c2cnc3n2CCC3)c1,8.130674362182617
O=C(NCc1ccc(NC(=O)c2cccnc2)cc1)c1cccc(NC(=O)C2CCNC2)c1,8.130400657653809
