strategy,tau,similarity,modes,reactions_used,reactions_per_mode,reward_gen_calls,stop_reason,pool_limited,total_modes_run,total_reactions_run,wall_s
hub_batching,4.0,0.3,189,299,1.582,568572,reactions,False,190,301,22.1
best_candidate,4.0,0.3,81,300,3.7037,0,reactions,False,81,300,9.39
hub_batching,4.0,0.35,227,300,1.3216,279373,reactions,False,227,300,1.16
best_candidate,4.0,0.35,81,297,3.6667,0,reactions,False,82,301,1.2
hub_batching,4.0,0.4,261,300,1.1494,111536,reactions,False,261,300,0.45
best_candidate,4.0,0.4,86,299,3.4767,0,reactions,False,87,303,2.99
hub_batching,4.0,0.45,268,300,1.1194,58768,reactions,False,268,300,0.28
best_candidate,4.0,0.45,89,299,3.3596,0,reactions,False,90,301,5.84
hub_batching,4.0,0.5,277,300,1.083,28491,reactions,False,277,300,0.16
best_candidate,4.0,0.5,95,297,3.1263,0,reactions,False,96,301,5.56
hub_batching,4.0,0.55,277,300,1.083,28491,reactions,False,277,300,0.16
best_candidate,4.0,0.55,97,299,3.0825,0,reactions,False,98,302,4.41
hub_batching,4.0,0.6,277,300,1.083,19063,reactions,False,277,300,0.12
best_candidate,4.0,0.6,105,300,2.8571,0,reactions,False,105,300,3.35
hub_batching,4.0,0.65,279,300,1.0753,7086,reactions,False,279,300,0.09
best_candidate,4.0,0.65,108,300,2.7778,0,reactions,False,108,300,2.72
hub_batching,4.0,0.7,279,300,1.0753,7086,reactions,False,279,300,0.09
best_candidate,4.0,0.7,110,299,2.7182,0,reactions,False,111,302,2.25
hub_batching,4.0,0.75,279,300,1.0753,7086,reactions,False,279,300,0.09
best_candidate,4.0,0.75,118,300,2.5424,0,reactions,False,118,300,1.95
hub_batching,4.0,0.8,279,300,1.0753,7086,reactions,False,279,300,0.09
best_candidate,4.0,0.8,120,298,2.4833,0,reactions,False,121,301,1.72
hub_batching,4.0,0.85,279,300,1.0753,7086,reactions,False,279,300,0.09
best_candidate,4.0,0.85,119,299,2.5126,0,reactions,False,120,302,1.51
hub_batching,4.0,0.9,279,300,1.0753,7086,reactions,False,279,300,0.09
best_candidate,4.0,0.9,119,299,2.5126,0,reactions,False,120,302,1.44
hub_batching,4.25,0.3,192,299,1.5573,581824,reactions,False,193,302,2.47
best_candidate,4.25,0.3,81,300,3.7037,0,reactions,False,81,300,0.51
hub_batching,4.25,0.35,226,300,1.3274,279373,reactions,False,226,300,1.02
best_candidate,4.25,0.35,81,297,3.6667,0,reactions,False,82,301,1.19
hub_batching,4.25,0.4,260,300,1.1538,118129,reactions,False,260,300,0.44
best_candidate,4.25,0.4,86,299,3.4767,0,reactions,False,87,303,2.99
hub_batching,4.25,0.45,268,300,1.1194,58768,reactions,False,268,300,0.27
best_candidate,4.25,0.45,89,299,3.3596,0,reactions,False,90,301,5.86
hub_batching,4.25,0.5,275,300,1.0909,39244,reactions,False,275,300,0.19
best_candidate,4.25,0.5,95,297,3.1263,0,reactions,False,96,301,5.53
hub_batching,4.25,0.55,277,300,1.083,28491,reactions,False,277,300,0.15
best_candidate,4.25,0.55,97,299,3.0825,0,reactions,False,98,302,4.41
hub_batching,4.25,0.6,277,300,1.083,19063,reactions,False,277,300,0.12
best_candidate,4.25,0.6,105,300,2.8571,0,reactions,False,105,300,3.37
hub_batching,4.25,0.65,278,300,1.0791,9635,reactions,False,278,300,0.1
best_candidate,4.25,0.65,108,300,2.7778,0,reactions,False,108,300,2.72
hub_batching,4.25,0.7,279,300,1.0753,7086,reactions,False,279,300,0.09
best_candidate,4.25,0.7,110,299,2.7182,0,reactions,False,111,302,2.27
hub_batching,4.25,0.75,279,300,1.0753,7086,reactions,False,279,300,0.09
best_candidate,4.25,0.75,118,300,2.5424,0,reactions,False,118,300,1.93
hub_batching,4.25,0.8,279,300,1.0753,7086,reactions,False,279,300,0.09
best_candidate,4.25,0.8,120,298,2.4833,0,reactions,False,121,301,1.72
hub_batching,4.25,0.85,279,300,1.0753,7086,reactions,False,279,300,0.09
best_candidate,4.25,0.85,119,299,2.5126,0,reactions,False,120,302,1.52
hub_batching,4.25,0.9,279,300,1.0753,7086,reactions,False,279,300,0.09
best_candidate,4.25,0.9,119,299,2.5126,0,reactions,False,120,302,1.44
hub_batching,4.5,0.3,189,299,1.582,568572,reactions,False,190,301,2.09
best_candidate,4.5,0.3,81,300,3.7037,0,reactions,False,81,300,0.5
hub_batching,4.5,0.35,225,300,1.3333,288860,reactions,False,225,300,1.0
best_candidate,4.5,0.35,81,297,3.6667,0,reactions,False,82,301,1.19
hub_batching,4.5,0.4,258,300,1.1628,132606,reactions,False,258,300,0.46
best_candidate,4.5,0.4,86,299,3.4767,0,reactions,False,87,303,3.0
hub_batching,4.5,0.45,267,300,1.1236,61317,reactions,False,267,300,0.26
best_candidate,4.5,0.45,89,299,3.3596,0,reactions,False,90,301,5.89
hub_batching,4.5,0.5,274,300,1.0949,43219,reactions,False,274,300,0.21
best_candidate,4.5,0.5,95,297,3.1263,0,reactions,False,96,301,5.56
hub_batching,4.5,0.55,277,300,1.083,28491,reactions,False,277,300,0.15
best_candidate,4.5,0.55,97,299,3.0825,0,reactions,False,98,302,4.44
hub_batching,4.5,0.6,277,300,1.083,19063,reactions,False,277,300,0.12
best_candidate,4.5,0.6,105,300,2.8571,0,reactions,False,105,300,3.37
hub_batching,4.5,0.65,278,300,1.0791,9635,reactions,False,278,300,0.1
best_candidate,4.5,0.65,108,300,2.7778,0,reactions,False,108,300,2.73
hub_batching,4.5,0.7,279,300,1.0753,7086,reactions,False,279,300,0.09
best_candidate,4.5,0.7,110,299,2.7182,0,reactions,False,111,302,2.28
hub_batching,4.5,0.75,279,300,1.0753,7086,reactions,False,279,300,0.09
best_candidate,4.5,0.75,118,300,2.5424,0,reactions,False,118,300,1.95
hub_batching,4.5,0.8,279,300,1.0753,7086,reactions,False,279,300,0.09
best_candidate,4.5,0.8,120,298,2.4833,0,reactions,False,121,301,1.74
hub_batching,4.5,0.85,279,300,1.0753,7086,reactions,False,279,300,0.09
best_candidate,4.5,0.85,119,299,2.5126,0,reactions,False,120,302,1.53
hub_batching,4.5,0.9,279,300,1.0753,7086,reactions,False,279,300,0.09
best_candidate,4.5,0.9,119,299,2.5126,0,reactions,False,120,302,1.44
hub_batching,4.75,0.3,187,299,1.5989,619715,reactions,False,188,301,3.66
best_candidate,4.75,0.3,81,300,3.7037,0,reactions,False,81,300,0.5
hub_batching,4.75,0.35,224,299,1.3348,297934,reactions,False,225,301,1.0
best_candidate,4.75,0.35,81,297,3.6667,0,reactions,False,82,301,1.18
hub_batching,4.75,0.4,257,300,1.1673,142093,reactions,False,257,300,0.45
best_candidate,4.75,0.4,86,299,3.4767,0,reactions,False,87,303,2.97
hub_batching,4.75,0.45,265,300,1.1321,62434,reactions,False,265,300,0.27
best_candidate,4.75,0.45,89,299,3.3596,0,reactions,False,90,301,5.84
hub_batching,4.75,0.5,274,300,1.0949,43219,reactions,False,274,300,0.2
best_candidate,4.75,0.5,95,297,3.1263,0,reactions,False,96,301,5.54
hub_batching,4.75,0.55,277,300,1.083,28491,reactions,False,277,300,0.15
best_candidate,4.75,0.55,97,299,3.0825,0,reactions,False,98,302,4.41
hub_batching,4.75,0.6,277,300,1.083,19063,reactions,False,277,300,0.12
best_candidate,4.75,0.6,105,300,2.8571,0,reactions,False,105,300,3.39
hub_batching,4.75,0.65,278,300,1.0791,9635,reactions,False,278,300,0.1
best_candidate,4.75,0.65,108,300,2.7778,0,reactions,False,108,300,2.73
hub_batching,4.75,0.7,279,300,1.0753,7086,reactions,False,279,300,0.09
best_candidate,4.75,0.7,110,299,2.7182,0,reactions,False,111,302,2.25
hub_batching,4.75,0.75,279,300,1.0753,7086,reactions,False,279,300,0.09
best_candidate,4.75,0.75,118,300,2.5424,0,reactions,False,118,300,1.95
hub_batching,4.75,0.8,279,300,1.0753,7086,reactions,False,279,300,0.09
best_candidate,4.75,0.8,120,298,2.4833,0,reactions,False,121,301,1.72
hub_batching,4.75,0.85,279,300,1.0753,7086,reactions,False,279,300,0.09
best_candidate,4.75,0.85,119,299,2.5126,0,reactions,False,120,302,1.51
hub_batching,4.75,0.9,279,300,1.0753,7086,reactions,False,279,300,0.09
best_candidate,4.75,0.9,119,299,2.5126,0,reactions,False,120,302,1.44
hub_batching,5.0,0.3,182,300,1.6484,629563,reactions,False,182,300,2.09
best_candidate,5.0,0.3,81,300,3.7037,0,reactions,False,81,300,0.5
hub_batching,5.0,0.35,219,299,1.3653,322737,reactions,False,220,301,1.02
best_candidate,5.0,0.35,81,297,3.6667,0,reactions,False,82,301,1.2
hub_batching,5.0,0.4,255,300,1.1765,151521,reactions,False,255,300,0.46
best_candidate,5.0,0.4,86,299,3.4767,0,reactions,False,87,303,2.98
hub_batching,5.0,0.45,262,299,1.1412,74620,reactions,False,263,301,0.3
best_candidate,5.0,0.45,89,299,3.3596,0,reactions,False,90,301,5.83
hub_batching,5.0,0.5,272,300,1.1029,52865,reactions,False,272,300,0.22
best_candidate,5.0,0.5,95,297,3.1263,0,reactions,False,96,301,5.53
hub_batching,5.0,0.55,277,300,1.083,28491,reactions,False,277,300,0.14
best_candidate,5.0,0.55,97,299,3.0825,0,reactions,False,98,302,4.45
hub_batching,5.0,0.6,277,300,1.083,19063,reactions,False,277,300,0.12
best_candidate,5.0,0.6,105,300,2.8571,0,reactions,False,105,300,3.4
hub_batching,5.0,0.65,277,300,1.083,19063,reactions,False,277,300,0.11
best_candidate,5.0,0.65,108,300,2.7778,0,reactions,False,108,300,2.74
hub_batching,5.0,0.7,279,300,1.0753,7086,reactions,False,279,300,0.09
best_candidate,5.0,0.7,110,299,2.7182,0,reactions,False,111,302,2.29
hub_batching,5.0,0.75,279,300,1.0753,7086,reactions,False,279,300,0.09
best_candidate,5.0,0.75,118,300,2.5424,0,reactions,False,118,300,1.94
hub_batching,5.0,0.8,279,300,1.0753,7086,reactions,False,279,300,0.09
best_candidate,5.0,0.8,120,298,2.4833,0,reactions,False,121,301,1.73
hub_batching,5.0,0.85,279,300,1.0753,7086,reactions,False,279,300,0.09
best_candidate,5.0,0.85,119,299,2.5126,0,reactions,False,120,302,1.54
hub_batching,5.0,0.9,279,300,1.0753,7086,reactions,False,279,300,0.09
best_candidate,5.0,0.9,119,299,2.5126,0,reactions,False,120,302,1.45
hub_batching,5.25,0.3,179,299,1.6704,666886,reactions,False,180,301,2.73
best_candidate,5.25,0.3,81,300,3.7037,0,reactions,False,81,300,0.5
hub_batching,5.25,0.35,218,300,1.3761,340320,reactions,False,218,300,0.96
best_candidate,5.25,0.35,81,297,3.6667,0,reactions,False,82,301,1.16
hub_batching,5.25,0.4,252,300,1.1905,172323,reactions,False,252,300,0.49
best_candidate,5.25,0.4,86,299,3.4767,0,reactions,False,87,303,2.97
hub_batching,5.25,0.45,259,300,1.1583,92304,reactions,False,259,300,0.33
best_candidate,5.25,0.45,89,299,3.3596,0,reactions,False,90,301,5.82
hub_batching,5.25,0.5,272,300,1.1029,52865,reactions,False,272,300,0.21
best_candidate,5.25,0.5,95,297,3.1263,0,reactions,False,96,301,5.55
hub_batching,5.25,0.55,275,300,1.0909,29816,reactions,False,275,300,0.16
best_candidate,5.25,0.55,97,299,3.0825,0,reactions,False,98,302,4.42
hub_batching,5.25,0.6,277,300,1.083,19063,reactions,False,277,300,0.12
best_candidate,5.25,0.6,105,300,2.8571,0,reactions,False,105,300,3.35
hub_batching,5.25,0.65,277,300,1.083,19063,reactions,False,277,300,0.12
best_candidate,5.25,0.65,108,300,2.7778,0,reactions,False,108,300,2.68
hub_batching,5.25,0.7,278,300,1.0791,9635,reactions,False,278,300,0.09
best_candidate,5.25,0.7,110,299,2.7182,0,reactions,False,111,302,2.22
hub_batching,5.25,0.75,279,300,1.0753,7086,reactions,False,279,300,0.09
best_candidate,5.25,0.75,118,300,2.5424,0,reactions,False,118,300,1.93
hub_batching,5.25,0.8,279,300,1.0753,7086,reactions,False,279,300,0.09
best_candidate,5.25,0.8,120,298,2.4833,0,reactions,False,121,301,1.71
hub_batching,5.25,0.85,279,300,1.0753,7086,reactions,False,279,300,0.09
best_candidate,5.25,0.85,119,299,2.5126,0,reactions,False,120,302,1.48
hub_batching,5.25,0.9,279,300,1.0753,7086,reactions,False,279,300,0.09
best_candidate,5.25,0.9,119,299,2.5126,0,reactions,False,120,302,1.39
hub_batching,5.5,0.3,173,299,1.7283,681638,reactions,False,174,302,2.32
best_candidate,5.5,0.3,81,300,3.7037,0,reactions,False,81,300,0.48
hub_batching,5.5,0.35,213,300,1.4085,379162,reactions,False,213,300,0.98
best_candidate,5.5,0.35,81,297,3.6667,0,reactions,False,82,301,1.09
hub_batching,5.5,0.4,249,300,1.2048,189108,reactions,False,249,300,0.5
best_candidate,5.5,0.4,86,299,3.4767,0,reactions,False,87,303,2.75
hub_batching,5.5,0.45,259,300,1.1583,92304,reactions,False,259,300,0.3
best_candidate,5.5,0.45,89,299,3.3596,0,reactions,False,90,301,5.42
hub_batching,5.5,0.5,269,300,1.1152,56460,reactions,False,269,300,0.21
best_candidate,5.5,0.5,95,297,3.1263,0,reactions,False,96,301,5.32
hub_batching,5.5,0.55,275,300,1.0909,39244,reactions,False,275,300,0.17
best_candidate,5.5,0.55,97,299,3.0825,0,reactions,False,98,302,4.22
hub_batching,5.5,0.6,277,300,1.083,28491,reactions,False,277,300,0.13
best_candidate,5.5,0.6,105,300,2.8571,0,reactions,False,105,300,3.24
hub_batching,5.5,0.65,277,300,1.083,19063,reactions,False,277,300,0.11
best_candidate,5.5,0.65,108,300,2.7778,0,reactions,False,108,300,2.62
hub_batching,5.5,0.7,278,300,1.0791,9635,reactions,False,278,300,0.09
best_candidate,5.5,0.7,110,299,2.7182,0,reactions,False,111,302,2.17
hub_batching,5.5,0.75,279,300,1.0753,7086,reactions,False,279,300,0.09
best_candidate,5.5,0.75,118,300,2.5424,0,reactions,False,118,300,1.87
hub_batching,5.5,0.8,279,300,1.0753,7086,reactions,False,279,300,0.09
best_candidate,5.5,0.8,120,298,2.4833,0,reactions,False,121,301,1.66
hub_batching,5.5,0.85,279,300,1.0753,7086,reactions,False,279,300,0.09
best_candidate,5.5,0.85,119,299,2.5126,0,reactions,False,120,302,1.48
hub_batching,5.5,0.9,279,300,1.0753,7086,reactions,False,279,300,0.09
best_candidate,5.5,0.9,119,299,2.5126,0,reactions,False,120,302,1.38
hub_batching,5.75,0.3,167,300,1.7964,692485,reactions,False,167,300,2.67
best_candidate,5.75,0.3,81,300,3.7037,0,reactions,False,81,300,0.45
hub_batching,5.75,0.35,205,300,1.4634,396579,reactions,False,205,300,0.98
best_candidate,5.75,0.35,81,297,3.6667,0,reactions,False,82,301,1.04
hub_batching,5.75,0.4,248,300,1.2097,196247,reactions,False,248,300,0.48
best_candidate,5.75,0.4,86,299,3.4767,0,reactions,False,87,303,2.65
hub_batching,5.75,0.45,257,300,1.1673,109058,reactions,False,257,300,0.31
best_candidate,5.75,0.45,89,299,3.3596,0,reactions,False,90,301,5.33
hub_batching,5.75,0.5,268,300,1.1194,58768,reactions,False,268,300,0.21
best_candidate,5.75,0.5,95,297,3.1263,0,reactions,False,96,301,5.27
hub_batching,5.75,0.55,274,300,1.0949,43219,reactions,False,274,300,0.18
best_candidate,5.75,0.55,97,299,3.0825,0,reactions,False,98,302,4.19
hub_batching,5.75,0.6,277,300,1.083,28491,reactions,False,277,300,0.13
best_candidate,5.75,0.6,105,300,2.8571,0,reactions,False,105,300,3.23
hub_batching,5.75,0.65,277,300,1.083,19063,reactions,False,277,300,0.11
best_candidate,5.75,0.65,108,300,2.7778,0,reactions,False,108,300,2.6
hub_batching,5.75,0.7,277,300,1.083,19063,reactions,False,277,300,0.11
best_candidate,5.75,0.7,110,299,2.7182,0,reactions,False,111,302,2.17
hub_batching,5.75,0.75,278,300,1.0791,9635,reactions,False,278,300,0.09
best_candidate,5.75,0.75,118,300,2.5424,0,reactions,False,118,300,1.87
hub_batching,5.75,0.8,279,300,1.0753,7086,reactions,False,279,300,0.09
best_candidate,5.75,0.8,120,298,2.4833,0,reactions,False,121,301,1.66
hub_batching,5.75,0.85,279,300,1.0753,7086,reactions,False,279,300,0.09
best_candidate,5.75,0.85,119,299,2.5126,0,reactions,False,120,302,1.46
hub_batching,5.75,0.9,279,300,1.0753,7086,reactions,False,279,300,0.09
best_candidate,5.75,0.9,119,299,2.5126,0,reactions,False,120,302,1.38
hub_batching,6.0,0.3,162,299,1.8457,730807,reactions,False,163,302,2.85
best_candidate,6.0,0.3,81,300,3.7037,0,reactions,False,81,300,0.43
hub_batching,6.0,0.35,201,300,1.4925,407799,reactions,False,201,300,0.94
best_candidate,6.0,0.35,81,297,3.6667,0,reactions,False,82,301,0.99
hub_batching,6.0,0.4,244,300,1.2295,227861,reactions,False,244,300,0.51
best_candidate,6.0,0.4,86,299,3.4767,0,reactions,False,87,303,2.56
hub_batching,6.0,0.45,257,300,1.1673,111536,reactions,False,257,300,0.31
best_candidate,6.0,0.45,89,299,3.3596,0,reactions,False,90,301,5.17
hub_batching,6.0,0.5,265,300,1.1321,62434,reactions,False,265,300,0.21
best_candidate,6.0,0.5,95,297,3.1263,0,reactions,False,96,301,5.26
hub_batching,6.0,0.55,272,300,1.1029,52865,reactions,False,272,300,0.19
best_candidate,6.0,0.55,97,299,3.0825,0,reactions,False,98,302,4.22
hub_batching,6.0,0.6,275,300,1.0909,39244,reactions,False,275,300,0.16
best_candidate,6.0,0.6,105,300,2.8571,0,reactions,False,105,300,3.23
hub_batching,6.0,0.65,277,300,1.083,28491,reactions,False,277,300,0.13
best_candidate,6.0,0.65,108,300,2.7778,0,reactions,False,108,300,2.6
hub_batching,6.0,0.7,277,300,1.083,19063,reactions,False,277,300,0.11
best_candidate,6.0,0.7,110,299,2.7182,0,reactions,False,111,302,2.16
hub_batching,6.0,0.75,277,300,1.083,19063,reactions,False,277,300,0.11
best_candidate,6.0,0.75,118,300,2.5424,0,reactions,False,118,300,1.86
hub_batching,6.0,0.8,278,300,1.0791,9635,reactions,False,278,300,0.09
best_candidate,6.0,0.8,120,298,2.4833,0,reactions,False,121,301,1.66
hub_batching,6.0,0.85,278,300,1.0791,9635,reactions,False,278,300,0.09
best_candidate,6.0,0.85,119,299,2.5126,0,reactions,False,120,302,1.46
hub_batching,6.0,0.9,278,300,1.0791,9635,reactions,False,278,300,0.09
best_candidate,6.0,0.9,119,299,2.5126,0,reactions,False,120,302,1.38
hub_batching,6.25,0.3,156,300,1.9231,777005,reactions,False,156,300,3.14
best_candidate,6.25,0.3,81,300,3.7037,0,reactions,False,81,300,0.42
hub_batching,6.25,0.35,193,299,1.5492,418096,reactions,False,194,302,0.91
best_candidate,6.25,0.35,81,297,3.6667,0,reactions,False,82,301,0.92
hub_batching,6.25,0.4,237,300,1.2658,243466,reactions,False,237,300,0.51
best_candidate,6.25,0.4,86,299,3.4767,0,reactions,False,87,303,2.37
hub_batching,6.25,0.45,254,300,1.1811,127557,reactions,False,254,300,0.32
best_candidate,6.25,0.45,89,299,3.3596,0,reactions,False,90,301,4.9
hub_batching,6.25,0.5,262,300,1.145,74620,reactions,False,262,300,0.23
best_candidate,6.25,0.5,95,297,3.1263,0,reactions,False,96,301,5.27
hub_batching,6.25,0.55,270,300,1.1111,55343,reactions,False,270,300,0.19
best_candidate,6.25,0.55,97,299,3.0825,0,reactions,False,98,302,4.19
hub_batching,6.25,0.6,273,300,1.0989,43219,reactions,False,273,300,0.17
best_candidate,6.25,0.6,105,300,2.8571,0,reactions,False,105,300,3.23
hub_batching,6.25,0.65,275,300,1.0909,29816,reactions,False,275,300,0.14
best_candidate,6.25,0.65,108,300,2.7778,0,reactions,False,108,300,2.6
hub_batching,6.25,0.7,277,300,1.083,19063,reactions,False,277,300,0.11
best_candidate,6.25,0.7,110,299,2.7182,0,reactions,False,111,302,2.16
hub_batching,6.25,0.75,277,300,1.083,19063,reactions,False,277,300,0.11
best_candidate,6.25,0.75,118,300,2.5424,0,reactions,False,118,300,1.85
hub_batching,6.25,0.8,277,300,1.083,19063,reactions,False,277,300,0.11
best_candidate,6.25,0.8,120,298,2.4833,0,reactions,False,121,301,1.65
hub_batching,6.25,0.85,277,300,1.083,19063,reactions,False,277,300,0.11
best_candidate,6.25,0.85,119,299,2.5126,0,reactions,False,120,302,1.45
hub_batching,6.25,0.9,277,300,1.083,19063,reactions,False,277,300,0.11
best_candidate,6.25,0.9,119,299,2.5126,0,reactions,False,120,302,1.38
hub_batching,6.5,0.3,145,287,1.9793,826502,pool_exhausted,True,145,287,2.92
best_candidate,6.5,0.3,81,300,3.7037,0,reactions,False,81,300,0.38
hub_batching,6.5,0.35,182,299,1.6429,475723,reactions,False,183,302,0.98
best_candidate,6.5,0.35,81,297,3.6667,0,reactions,False,82,301,0.82
hub_batching,6.5,0.4,227,300,1.3216,276886,reactions,False,227,300,0.56
best_candidate,6.5,0.4,86,299,3.4767,0,reactions,False,87,303,2.13
hub_batching,6.5,0.45,250,300,1.2,158660,reactions,False,250,300,0.36
best_candidate,6.5,0.45,89,299,3.3596,0,reactions,False,90,301,4.47
hub_batching,6.5,0.5,258,300,1.1628,92304,reactions,False,258,300,0.26
best_candidate,6.5,0.5,95,297,3.1263,0,reactions,False,96,301,5.25
hub_batching,6.5,0.55,264,300,1.1364,62434,reactions,False,264,300,0.2
best_candidate,6.5,0.55,97,299,3.0825,0,reactions,False,98,302,4.2
hub_batching,6.5,0.6,271,300,1.107,52865,reactions,False,271,300,0.18
best_candidate,6.5,0.6,105,300,2.8571,0,reactions,False,105,300,3.23
hub_batching,6.5,0.65,274,300,1.0949,39244,reactions,False,274,300,0.16
best_candidate,6.5,0.65,108,300,2.7778,0,reactions,False,108,300,2.6
hub_batching,6.5,0.7,275,300,1.0909,29816,reactions,False,275,300,0.14
best_candidate,6.5,0.7,110,299,2.7182,0,reactions,False,111,302,2.17
hub_batching,6.5,0.75,277,300,1.083,28491,reactions,False,277,300,0.12
best_candidate,6.5,0.75,118,300,2.5424,0,reactions,False,118,300,1.86
hub_batching,6.5,0.8,277,300,1.083,19063,reactions,False,277,300,0.11
best_candidate,6.5,0.8,120,298,2.4833,0,reactions,False,121,301,1.66
hub_batching,6.5,0.85,277,300,1.083,19063,reactions,False,277,300,0.11
best_candidate,6.5,0.85,119,299,2.5126,0,reactions,False,120,302,1.45
hub_batching,6.5,0.9,277,300,1.083,19063,reactions,False,277,300,0.11
best_candidate,6.5,0.9,119,299,2.5126,0,reactions,False,120,302,1.38
hub_batching,6.75,0.3,123,267,2.1707,826502,pool_exhausted,True,123,267,1.69
best_candidate,6.75,0.3,81,300,3.7037,0,reactions,False,81,300,0.34
hub_batching,6.75,0.35,176,300,1.7045,571946,reactions,False,176,300,1.04
best_candidate,6.75,0.35,81,297,3.6667,0,reactions,False,82,301,0.71
hub_batching,6.75,0.4,220,300,1.3636,312236,reactions,False,220,300,0.59
best_candidate,6.75,0.4,86,299,3.4767,0,reactions,False,87,303,1.72
hub_batching,6.75,0.45,242,299,1.2355,212510,reactions,False,243,301,0.45
best_candidate,6.75,0.45,89,299,3.3596,0,reactions,False,90,301,3.83
hub_batching,6.75,0.5,256,300,1.1719,111536,reactions,False,256,300,0.27
best_candidate,6.75,0.5,95,297,3.1263,0,reactions,False,96,301,5.26
hub_batching,6.75,0.55,261,300,1.1494,84048,reactions,False,261,300,0.23
best_candidate,6.75,0.55,97,299,3.0825,0,reactions,False,98,302,4.2
hub_batching,6.75,0.6,268,300,1.1194,56460,reactions,False,268,300,0.18
best_candidate,6.75,0.6,105,300,2.8571,0,reactions,False,105,300,3.21
hub_batching,6.75,0.65,271,300,1.107,52865,reactions,False,271,300,0.18
best_candidate,6.75,0.65,108,300,2.7778,0,reactions,False,108,300,2.6
hub_batching,6.75,0.7,274,300,1.0949,39244,reactions,False,274,300,0.16
best_candidate,6.75,0.7,110,299,2.7182,0,reactions,False,111,302,2.17
hub_batching,6.75,0.75,275,300,1.0909,29816,reactions,False,275,300,0.14
best_candidate,6.75,0.75,118,300,2.5424,0,reactions,False,118,300,1.86
hub_batching,6.75,0.8,275,300,1.0909,29816,reactions,False,275,300,0.14
best_candidate,6.75,0.8,120,298,2.4833,0,reactions,False,121,301,1.66
hub_batching,6.75,0.85,275,300,1.0909,29816,reactions,False,275,300,0.13
best_candidate,6.75,0.85,119,299,2.5126,0,reactions,False,120,302,1.45
hub_batching,6.75,0.9,275,300,1.0909,29816,reactions,False,275,300,0.13
best_candidate,6.75,0.9,119,299,2.5126,0,reactions,False,120,302,1.38
hub_batching,7.0,0.3,98,230,2.3469,826926,pool_exhausted,True,98,230,1.34
best_candidate,7.0,0.3,81,300,3.7037,0,reactions,False,81,300,0.28
hub_batching,7.0,0.35,155,299,1.929,707523,reactions,False,156,301,1.23
best_candidate,7.0,0.35,81,297,3.6667,0,reactions,False,82,301,0.56
hub_batching,7.0,0.4,197,300,1.5228,397475,reactions,False,197,300,0.71
best_candidate,7.0,0.4,86,299,3.4767,0,reactions,False,87,303,1.26
hub_batching,7.0,0.45,221,299,1.3529,277163,reactions,False,222,301,0.52
best_candidate,7.0,0.45,89,299,3.3596,0,reactions,False,90,301,2.94
hub_batching,7.0,0.5,245,300,1.2245,189108,reactions,False,245,300,0.38
best_candidate,7.0,0.5,95,297,3.1263,0,reactions,False,96,301,5.19
hub_batching,7.0,0.55,257,300,1.1673,109058,reactions,False,257,300,0.26
best_candidate,7.0,0.55,97,299,3.0825,0,reactions,False,98,302,4.22
hub_batching,7.0,0.6,263,300,1.1407,64742,reactions,False,263,300,0.2
best_candidate,7.0,0.6,105,300,2.8571,0,reactions,False,105,300,3.22
hub_batching,7.0,0.65,268,300,1.1194,56460,reactions,False,268,300,0.18
best_candidate,7.0,0.65,108,300,2.7778,0,reactions,False,108,300,2.61
hub_batching,7.0,0.7,271,300,1.107,52865,reactions,False,271,300,0.18
best_candidate,7.0,0.7,110,299,2.7182,0,reactions,False,111,302,2.15
hub_batching,7.0,0.75,274,300,1.0949,39244,reactions,False,274,300,0.16
best_candidate,7.0,0.75,118,300,2.5424,0,reactions,False,118,300,1.86
hub_batching,7.0,0.8,275,300,1.0909,29816,reactions,False,275,300,0.15
best_candidate,7.0,0.8,120,298,2.4833,0,reactions,False,121,301,1.66
hub_batching,7.0,0.85,275,300,1.0909,29816,reactions,False,275,300,0.15
best_candidate,7.0,0.85,119,299,2.5126,0,reactions,False,120,302,1.46
hub_batching,7.0,0.9,275,300,1.0909,29816,reactions,False,275,300,0.15
best_candidate,7.0,0.9,119,299,2.5126,0,reactions,False,120,302,1.38
hub_batching,7.25,0.3,69,173,2.5072,828448,pool_exhausted,True,69,173,1.35
best_candidate,7.25,0.3,81,300,3.7037,0,reactions,False,81,300,0.21
hub_batching,7.25,0.35,132,273,2.0682,826926,pool_exhausted,True,132,273,1.3
best_candidate,7.25,0.35,81,297,3.6667,0,reactions,False,82,301,0.4
hub_batching,7.25,0.4,173,299,1.7283,582446,reactions,False,174,302,0.96
best_candidate,7.25,0.4,86,299,3.4767,0,reactions,False,87,303,0.78
hub_batching,7.25,0.45,207,299,1.4444,359639,reactions,False,208,301,0.63
best_candidate,7.25,0.45,89,299,3.3596,0,reactions,False,90,301,1.84
hub_batching,7.25,0.5,224,300,1.3393,274271,reactions,False,224,300,0.49
best_candidate,7.25,0.5,95,297,3.1263,0,reactions,False,96,301,3.48
hub_batching,7.25,0.55,240,300,1.25,227861,reactions,False,240,300,0.43
best_candidate,7.25,0.55,97,299,3.0825,0,reactions,False,98,302,4.22
hub_batching,7.25,0.6,253,300,1.1858,132606,reactions,False,253,300,0.29
best_candidate,7.25,0.6,105,300,2.8571,0,reactions,False,105,300,3.22
hub_batching,7.25,0.65,260,300,1.1538,85165,reactions,False,260,300,0.22
best_candidate,7.25,0.65,108,300,2.7778,0,reactions,False,108,300,2.61
hub_batching,7.25,0.7,265,300,1.1321,62434,reactions,False,265,300,0.19
best_candidate,7.25,0.7,110,299,2.7182,0,reactions,False,111,302,2.17
hub_batching,7.25,0.75,269,300,1.1152,56460,reactions,False,269,300,0.18
best_candidate,7.25,0.75,118,300,2.5424,0,reactions,False,118,300,1.86
hub_batching,7.25,0.8,272,300,1.1029,52865,reactions,False,272,300,0.18
best_candidate,7.25,0.8,120,298,2.4833,0,reactions,False,121,301,1.66
hub_batching,7.25,0.85,274,300,1.0949,43219,reactions,False,274,300,0.16
best_candidate,7.25,0.85,119,299,2.5126,0,reactions,False,120,302,1.46
hub_batching,7.25,0.9,274,300,1.0949,43219,reactions,False,274,300,0.17
best_candidate,7.25,0.9,119,299,2.5126,0,reactions,False,120,302,1.38
hub_batching,7.5,0.3,51,140,2.7451,826926,pool_exhausted,True,51,140,1.17
best_candidate,7.5,0.3,81,300,3.7037,0,reactions,False,81,300,0.14
hub_batching,7.5,0.35,88,222,2.5227,828019,pool_exhausted,True,88,222,1.2
best_candidate,7.5,0.35,81,297,3.6667,0,reactions,False,82,301,0.24
hub_batching,7.5,0.4,141,298,2.1135,754000,reactions,False,142,301,1.16
best_candidate,7.5,0.4,86,299,3.4767,0,reactions,False,87,303,0.42
hub_batching,7.5,0.45,174,300,1.7241,475505,reactions,False,174,300,0.77
best_candidate,7.5,0.45,89,299,3.3596,0,reactions,False,90,301,0.8
hub_batching,7.5,0.5,197,299,1.5178,392572,reactions,False,198,303,0.66
best_candidate,7.5,0.5,95,297,3.1263,0,reactions,False,96,301,1.71
hub_batching,7.5,0.55,224,300,1.3393,297934,reactions,False,224,300,0.52
best_candidate,7.5,0.55,97,299,3.0825,0,reactions,False,98,302,2.72
hub_batching,7.5,0.6,231,300,1.2987,252895,reactions,False,231,300,0.45
best_candidate,7.5,0.6,105,300,2.8571,0,reactions,False,105,300,3.23
hub_batching,7.5,0.65,242,299,1.2355,212510,reactions,False,243,301,0.42
best_candidate,7.5,0.65,108,300,2.7778,0,reactions,False,108,300,2.61
hub_batching,7.5,0.7,251,300,1.1952,151521,reactions,False,251,300,0.32
best_candidate,7.5,0.7,110,299,2.7182,0,reactions,False,111,302,2.16
hub_batching,7.5,0.75,260,300,1.1538,85165,reactions,False,260,300,0.22
best_candidate,7.5,0.75,118,300,2.5424,0,reactions,False,118,300,1.86
hub_batching,7.5,0.8,262,300,1.145,84048,reactions,False,262,300,0.22
best_candidate,7.5,0.8,120,298,2.4833,0,reactions,False,121,301,1.66
hub_batching,7.5,0.85,265,300,1.1321,62434,reactions,False,265,300,0.19
best_candidate,7.5,0.85,119,299,2.5126,0,reactions,False,120,302,1.45
hub_batching,7.5,0.9,265,300,1.1321,62434,reactions,False,265,300,0.2
best_candidate,7.5,0.9,119,299,2.5126,0,reactions,False,120,302,1.38
hub_batching,7.75,0.3,30,92,3.0667,820415,pool_exhausted,True,30,92,1.15
best_candidate,7.75,0.3,76,283,3.7237,0,pool_exhausted,True,76,283,0.09
hub_batching,7.75,0.35,64,172,2.6875,828019,pool_exhausted,True,64,172,1.16
best_candidate,7.75,0.35,81,297,3.6667,0,reactions,False,82,301,0.12
hub_batching,7.75,0.4,99,242,2.4444,828448,pool_exhausted,True,99,242,1.18
best_candidate,7.75,0.4,86,299,3.4767,0,reactions,False,87,303,0.18
hub_batching,7.75,0.45,147,300,2.0408,739587,reactions,False,147,300,1.1
best_candidate,7.75,0.45,89,299,3.3596,0,reactions,False,90,301,0.28
hub_batching,7.75,0.5,170,300,1.7647,477712,reactions,False,170,300,0.74
best_candidate,7.75,0.5,95,297,3.1263,0,reactions,False,96,301,0.45
hub_batching,7.75,0.55,189,299,1.582,409008,reactions,False,190,302,0.67
best_candidate,7.75,0.55,97,299,3.0825,0,reactions,False,98,302,0.8
hub_batching,7.75,0.6,210,300,1.4286,368045,reactions,False,210,300,0.61
best_candidate,7.75,0.6,105,299,2.8476,0,reactions,False,106,303,1.24
hub_batching,7.75,0.65,221,300,1.3575,297934,reactions,False,221,300,0.51
best_candidate,7.75,0.65,108,300,2.7778,0,reactions,False,108,300,1.59
hub_batching,7.75,0.7,226,300,1.3274,264625,reactions,False,226,300,0.47
best_candidate,7.75,0.7,110,299,2.7182,0,reactions,False,111,302,1.99
hub_batching,7.75,0.75,239,300,1.2552,227861,reactions,False,239,300,0.42
best_candidate,7.75,0.75,118,300,2.5424,0,reactions,False,118,300,1.87
hub_batching,7.75,0.8,249,300,1.2048,162635,reactions,False,249,300,0.33
best_candidate,7.75,0.8,120,298,2.4833,0,reactions,False,121,301,1.65
hub_batching,7.75,0.85,252,300,1.1905,142093,reactions,False,252,300,0.3
best_candidate,7.75,0.85,119,299,2.5126,0,reactions,False,120,302,1.45
hub_batching,7.75,0.9,255,299,1.1725,111536,reactions,False,256,301,0.27
best_candidate,7.75,0.9,119,299,2.5126,0,reactions,False,120,302,1.38
hub_batching,8.0,0.3,16,57,3.5625,826502,pool_exhausted,True,16,57,1.15
best_candidate,8.0,0.3,31,119,3.8387,0,pool_exhausted,True,31,119,0.04
hub_batching,8.0,0.35,30,98,3.2667,826502,pool_exhausted,True,30,98,1.13
best_candidate,8.0,0.35,66,243,3.6818,0,pool_exhausted,True,66,243,0.05
hub_batching,8.0,0.4,55,154,2.8,826926,pool_exhausted,True,55,154,1.14
best_candidate,8.0,0.4,86,299,3.4767,0,reactions,False,87,303,0.07
hub_batching,8.0,0.45,81,199,2.4568,828448,pool_exhausted,True,81,199,1.16
best_candidate,8.0,0.45,89,299,3.3596,0,reactions,False,90,301,0.08
hub_batching,8.0,0.5,130,285,2.1923,828019,pool_exhausted,True,130,285,1.18
best_candidate,8.0,0.5,95,297,3.1263,0,reactions,False,96,301,0.1
hub_batching,8.0,0.55,154,298,1.9351,667315,reactions,False,155,301,1.02
best_candidate,8.0,0.55,97,299,3.0825,0,reactions,False,98,302,0.13
hub_batching,8.0,0.6,178,300,1.6854,533813,reactions,False,178,300,0.82
best_candidate,8.0,0.6,105,300,2.8571,0,reactions,False,105,300,0.16
hub_batching,8.0,0.65,196,300,1.5306,418096,reactions,False,196,300,0.67
best_candidate,8.0,0.65,107,298,2.785,0,reactions,False,108,301,0.2
hub_batching,8.0,0.7,214,300,1.4019,376684,reactions,False,214,300,0.62
best_candidate,8.0,0.7,110,299,2.7182,0,reactions,False,111,302,0.25
hub_batching,8.0,0.75,226,299,1.323,315539,reactions,False,227,301,0.55
best_candidate,8.0,0.75,118,300,2.5424,0,reactions,False,118,300,0.3
hub_batching,8.0,0.8,237,300,1.2658,262323,reactions,False,237,300,0.47
best_candidate,8.0,0.8,120,298,2.4833,0,reactions,False,121,301,0.37
hub_batching,8.0,0.85,242,298,1.2314,238948,reactions,False,243,301,0.45
best_candidate,8.0,0.85,119,299,2.5126,0,reactions,False,120,302,0.43
hub_batching,8.0,0.9,243,298,1.2263,227861,reactions,False,244,301,0.44
best_candidate,8.0,0.9,119,299,2.5126,0,reactions,False,120,302,0.45
