set,cutoff,n_above_cutoff,frac_above_cutoff,n_scored,n_replicates,subsampled,mean_pairwise_similarity,mean_pairwise_similarity_sd,modes_per_mol,modes_per_mol_sd,butina_per_mol,butina_per_mol_sd,scaffolds_per_mol,scaffolds_per_mol_sd
sample,1.0,26068,0.9999616402623807,2500,3,True,0.1685691905996147,0.0004269997363559316,0.9450666666666666,0.004201587001757033,0.9404,0.0032741411087490197,0.9972,0.00040000000000001146
sample,2.0,26051,0.999309524722851,2500,3,True,0.16858879454677247,0.0004315321709406914,0.9449333333333333,0.004006661120351131,0.9402666666666667,0.0031069813860616245,0.9972,0.00040000000000001146
sample,3.0,26017,0.9980052936437914,2500,3,True,0.1686440335602658,0.00042281518735544626,0.9448,0.0040000000000000036,0.9401333333333333,0.0030550504633038962,0.9972,0.00040000000000001146
sample,4.0,25975,0.9963941846637769,2500,3,True,0.16868578249932634,0.00044408397069149453,0.9448,0.0040000000000000036,0.94,0.0028844410203712123,0.9972,0.00040000000000001146
sample,4.1,25969,0.9961640262380606,2500,3,True,0.16868971364845095,0.00043825384344715727,0.9448,0.0040000000000000036,0.94,0.0028844410203712123,0.9972,0.00040000000000001146
sample,4.2,25963,0.9959338678123442,2500,3,True,0.16871230388061953,0.00040073967874649667,0.9446666666666667,0.003801753981168893,0.9398666666666666,0.002722743714221612,0.9972,0.00040000000000001146
sample,4.3,25953,0.9955502704361502,2500,3,True,0.16875388785336,0.0003653523604721482,0.9448,0.0040000000000000036,0.94,0.0028844410203712123,0.9972,0.00040000000000001146
sample,4.4,25947,0.9953201120104338,2500,3,True,0.16876481232400417,0.0003762706906769472,0.9448,0.0040000000000000036,0.94,0.0028844410203712123,0.9972,0.00040000000000001146
sample,4.5,25933,0.9947830756837623,2500,3,True,0.16885006703314842,0.00036214794354491283,0.9446666666666667,0.004201587001756976,0.9397333333333333,0.0033306655991457833,0.9972,0.00040000000000001146
sample,4.6,25926,0.9945145575204266,2500,3,True,0.16888116332881423,0.00031192384234992834,0.9446666666666667,0.004201587001756976,0.9397333333333333,0.0033306655991457833,0.9972,0.00040000000000001146
sample,4.7,25917,0.994169319881852,2500,3,True,0.16892049895098216,0.00033774045400160297,0.9446666666666667,0.004201587001756976,0.9397333333333333,0.0033306655991457833,0.9972,0.00040000000000001146
sample,4.8,25904,0.9936706432927999,2500,3,True,0.16893426092628053,0.00036598529332793945,0.9445333333333333,0.004201587001756976,0.9396,0.0032741411087489586,0.9972,0.00040000000000001146
sample,4.9,25891,0.9931719667037477,2500,3,True,0.1690269778669371,0.00029671179277704243,0.9443999999999999,0.004214261501141132,0.9394666666666667,0.003401960219246135,0.9972,0.00040000000000001146
sample,5.0,25878,0.9926732901146956,2500,3,True,0.16903084025003032,0.0002965338692886181,0.9443999999999999,0.004214261501141132,0.9394666666666667,0.003401960219246135,0.9972,0.00040000000000001146
sample,5.1,25865,0.9921746135256435,2500,3,True,0.16907081399725213,0.00034916598266534815,0.9443999999999999,0.004214261501141132,0.9394666666666667,0.003401960219246135,0.9972,0.00040000000000001146
sample,5.2,25848,0.9915224979861138,2500,3,True,0.16912451941629228,0.0003680779844170671,0.9443999999999999,0.004214261501141132,0.9394666666666667,0.003401960219246135,0.9972,0.00040000000000001146
sample,5.3,25817,0.9903333461199125,2500,3,True,0.1691969965576721,0.0004710207432787005,0.9443999999999999,0.004214261501141132,0.9394666666666667,0.003401960219246135,0.9972,0.00040000000000001146
sample,5.4,25795,0.9894894318922859,2500,3,True,0.1692288321779066,0.0005102924673915861,0.9443999999999999,0.004214261501141132,0.9394666666666667,0.003401960219246135,0.9972,0.00040000000000001146
sample,5.5,25754,0.9879166826498906,2500,3,True,0.16934005338619884,0.0005673873522278277,0.944,0.004613025037868311,0.9390666666666666,0.0037806525010020894,0.9972,0.00040000000000001146
sample,5.6,25699,0.9858068970808239,2500,3,True,0.16951550271402915,0.0005457335546237436,0.9436,0.0043999999999999595,0.9386666666666666,0.003494757979221657,0.9972,0.00040000000000001146
sample,5.7,25640,0.9835436725612797,2500,3,True,0.16962895255857333,0.000632553907335054,0.9433333333333334,0.004201587001756976,0.9384,0.0032741411087490197,0.9972,0.00040000000000001146
sample,5.8,25577,0.9811270090912578,2500,3,True,0.16975736919699647,0.0006113867839883499,0.9430666666666667,0.004006661120351131,0.9381333333333334,0.0030550504633038962,0.9972,0.00040000000000001146
sample,5.9,25497,0.9780582300817062,2500,3,True,0.1698917635682821,0.0006521587623460313,0.9429333333333334,0.004026578365477739,0.9380000000000001,0.0030199337741083055,0.9972,0.00040000000000001146
sample,6.0,25372,0.9732632628792819,2500,3,True,0.1701333967502888,0.0006740557389566423,0.9426666666666667,0.003843609414773195,0.9377333333333334,0.0026633312473917556,0.9972,0.00040000000000001146
sample,6.1,25238,0.968123058038283,2500,3,True,0.17038716541221563,0.0007023360111164888,0.9420000000000001,0.00405955662603689,0.9370666666666666,0.0028378395538390016,0.9972,0.00040000000000001146
sample,6.2,25073,0.9617937013310829,2500,3,True,0.17070730103495416,0.0006617534518541782,0.9413333333333332,0.0038850139424889438,0.9364,0.003019933774108298,0.9972,0.00040000000000001146
sample,6.3,24871,0.9540450343319652,2500,3,True,0.1711140805652718,0.0007183610597534549,0.9404,0.004233202097703361,0.9354666666666667,0.003208322510804236,0.9972,0.00040000000000001146
sample,6.4,24582,0.9429590701599601,2500,3,True,0.17153589219300303,0.0008557651560648268,0.9390666666666667,0.004636090306856989,0.9341333333333334,0.003494757979221596,0.9972,0.00040000000000001146
sample,6.5,24222,0.9291495646169781,2500,3,True,0.17208619035273606,0.0007288833959165724,0.9381333333333334,0.0041633319989322695,0.9331999999999999,0.0031999999999999806,0.9972,0.00040000000000001146
sample,6.6,23788,0.9125014384901607,2500,3,True,0.17297715409856404,0.0007191244619486899,0.9362666666666667,0.004495924080023311,0.9313333333333333,0.004006661120351127,0.9969333333333333,0.00023094010767582486
sample,6.7,23271,0.8926694541409337,2500,3,True,0.17386075931087333,0.0007245223362264266,0.9337333333333332,0.00440605643782888,0.9282666666666667,0.0037166292972710185,0.9968,0.00040000000000001146
sample,6.8,22640,0.8684644597030956,2500,3,True,0.17482492181045298,0.0008524760488174415,0.9310666666666667,0.005675679107678063,0.9250666666666666,0.00477214137817954,0.9966666666666667,0.00023094010767588897
sample,6.9,21896,0.839924814914266,2500,3,True,0.1761759910270687,0.0009723911390015641,0.9272,0.006609084656743374,0.9199999999999999,0.0056426943918664015,0.9966666666666667,0.00023094010767588897
sample,7.0,21001,0.8055928497449077,2500,3,True,0.17769857562757166,0.0013088886161843115,0.9229333333333334,0.006803920438492279,0.9153333333333333,0.005619015334854791,0.9964,0.00040000000000001146
sample,7.1,19933,0.7646246499673942,2500,3,True,0.17917953629189734,0.0014547138610030565,0.916,0.0058103356185335514,0.9073333333333333,0.003002221399786056,0.9962666666666666,0.0006110100926607599
sample,7.2,18663,0.715907783190763,2500,3,True,0.18139872432150184,0.0013121174887027252,0.9087999999999999,0.0048497422611928805,0.8986666666666666,0.0025716402029314247,0.9961333333333333,0.0004618802153516497
sample,7.3,17184,0.6591737312516782,2500,3,True,0.1839886376047323,0.001027879098498752,0.8969333333333335,0.004314317249963591,0.8856,0.0017435595774162429,0.9954666666666666,0.0012220201853215924
sample,7.4,15496,0.59442249415014,2500,3,True,0.18722042544030207,0.0010207507819356744,0.8829333333333333,0.007770027884977854,0.8670666666666667,0.006416645021608477,0.9949333333333333,0.0012220201853215319
sample,7.5,13601,0.5217307913613871,2500,3,True,0.1906260387345713,0.0011330713186845278,0.8618666666666667,0.005460158727851556,0.8438666666666667,0.004406056437828897,0.9949333333333333,0.0012220201853215319
sample,7.6,11538,0.44259465265257586,2500,3,True,0.19511644037236697,0.0014943307303214417,0.8354666666666667,0.007433258594542037,0.8161333333333333,0.007114304838375524,0.9944000000000001,0.0014422205101856061
sample,7.7,9357,0.35893206490467605,2500,3,True,0.20044524425961593,0.0021863309069012344,0.7963999999999999,0.012942951749890776,0.7734666666666667,0.010630772941481428,0.9933333333333333,0.002444040370643124
sample,7.8,7070,0.2712033449691204,2500,3,True,0.20587992020887516,0.001306804083764599,0.7325333333333334,0.015285723186468257,0.7042666666666667,0.0157497089920206,0.992,0.0024979991993593774
sample,7.9,4837,0.18554605086501208,2500,3,True,0.21405867059536274,7.497781780059558e-05,0.6446666666666666,0.009263548636096944,0.6125333333333334,0.01121665428429231,0.9917333333333334,0.0016165807537309664
sample,8.0,2821,0.1082128198243124,2500,3,True,0.2250771705422544,0.00041275769680840533,0.5270666666666667,0.004006661120351103,0.49639999999999995,0.004613025037868311,0.9941333333333334,0.00023094010767582486
enumerated,1.0,604626,0.9996461874214668,2500,3,True,0.14587903965991858,0.001074910542966384,0.9797333333333333,0.0012220201853215319,0.9782666666666667,0.0016653327995728917,0.9677333333333333,0.0030287511177601056
enumerated,2.0,603811,0.9982987236293895,2500,3,True,0.14594881906452464,0.0010903875125241403,0.9797333333333333,0.0012220201853215319,0.9782666666666667,0.0016653327995728917,0.9677333333333333,0.0030287511177601056
enumerated,3.0,602196,0.9956285959923286,2500,3,True,0.14606182897523137,0.0010708807574249823,0.9797333333333333,0.0012220201853215319,0.9782666666666667,0.0016653327995728917,0.9678666666666667,0.0032331615074619327
enumerated,4.0,587064,0.97061040936446,2500,3,True,0.14700160105998938,0.0010537982572440686,0.9790666666666668,0.0011547005383792525,0.9777333333333335,0.0016653327995729095,0.9737333333333332,0.00220302821891442
enumerated,4.1,583271,0.9643393294094306,2500,3,True,0.14728619901796472,0.001086430746114824,0.9788,0.0014422205101856061,0.9774666666666668,0.0018475208614067912,0.9744,0.0030199337741083055
enumerated,4.2,578686,0.9567588122478672,2500,3,True,0.14757434670043765,0.0012295957115046807,0.9789333333333333,0.001973153144926473,0.9776000000000001,0.002433105012119312,0.9763999999999999,0.0020784609690826803
enumerated,4.3,573198,0.9476853382712783,2500,3,True,0.14781067059234834,0.0012463293026506413,0.9792000000000001,0.00211660104885167,0.9780000000000001,0.0027712812921101546,0.9780000000000001,0.00211660104885167
enumerated,4.4,566969,0.9373867469082733,2500,3,True,0.14800902811150882,0.0011612024785232105,0.9790666666666666,0.0022030282189144535,0.9778666666666668,0.002893671255228067,0.9789333333333333,0.0018475208614067912
enumerated,4.5,559966,0.9258084782752464,2500,3,True,0.1483023061751628,0.0010266238764957355,0.9796,0.0017435595774162684,0.9784,0.0024331050121192753,0.9806666666666667,0.001973153144926473
enumerated,4.6,551833,0.9123619469611798,2500,3,True,0.14866841261446445,0.0009559654892942589,0.9785333333333334,0.0019731531449265105,0.9772,0.0024331050121192753,0.9815999999999999,0.0013856406460551415
enumerated,4.7,542793,0.8974158455128629,2500,3,True,0.14895929338334257,0.0009000319544661786,0.9785333333333334,0.0024440403706430754,0.9772,0.0028000000000000485,0.9825333333333334,0.0012220201853215924
enumerated,4.8,532982,0.8811950267839429,2500,3,True,0.1492831347399524,0.0007056028701870602,0.9786666666666667,0.0018903262505010662,0.9774666666666666,0.0022030282189144266,0.9836,0.0024000000000000132
enumerated,4.9,522652,0.8641161298855896,2500,3,True,0.1495799910379543,0.0006453937397473039,0.9785333333333334,0.0019731531449265105,0.9773333333333333,0.0023437861108328985,0.9845333333333334,0.002571640202931465
enumerated,5.0,511677,0.8459708352622181,2500,3,True,0.15002346025471627,0.0006403063587005945,0.9777333333333332,0.0031069813860616076,0.9766666666666667,0.003257811126098854,0.9849333333333333,0.002571640202931465
enumerated,5.1,499898,0.8264962634746379,2500,3,True,0.15051049918498938,0.0006079590691205663,0.9774666666666668,0.0037166292972710185,0.9763999999999999,0.0038574603043971772,0.9854666666666666,0.0016653327995728917
enumerated,5.2,487318,0.8056973745122677,2500,3,True,0.15088869883300948,0.0006725621705477539,0.9763999999999999,0.0035552777669262624,0.9752000000000001,0.0034871191548325113,0.9864,0.00040000000000001146
enumerated,5.3,474080,0.7838105945373983,2500,3,True,0.15111971473002633,0.0004987136294783328,0.9774666666666666,0.003401960219246168,0.976,0.003019933774108298,0.9877333333333334,0.00023094010767582486
enumerated,5.4,460085,0.7606722438992131,2500,3,True,0.15152078599369773,0.0005332070022295712,0.9763999999999999,0.003666060555964656,0.9753333333333334,0.003208322510804294,0.9874666666666666,0.00046188021535171385
enumerated,5.5,445588,0.7367039216983003,2500,3,True,0.1518853808604282,0.0006296091067081664,0.976,0.00262297540972085,0.9748,0.0020000000000000018,0.9884000000000001,0.0010583005244258455
enumerated,5.6,430801,0.7122561338535811,2500,3,True,0.15245797127213012,0.0007513033167892015,0.9754666666666667,0.003401960219246135,0.9741333333333334,0.002663331247391803,0.9892,0.0010583005244258247
enumerated,5.7,414989,0.6861136829574763,2500,3,True,0.15293404090157028,0.0006573716223768802,0.9741333333333334,0.003946306289852984,0.9729333333333333,0.003257811126098854,0.9890666666666666,0.0009237604307034277
enumerated,5.8,398355,0.6586121949606507,2500,3,True,0.15361895730294117,0.000747634481371437,0.9728,0.003487119154832537,0.9713333333333334,0.002948445918332829,0.9892,0.00040000000000001146
enumerated,5.9,381283,0.6303865485086965,2500,3,True,0.15412178062929152,0.0006886355427698629,0.9726666666666667,0.00378065250100207,0.9713333333333334,0.003330665599145801,0.9892,0.00040000000000001146
enumerated,6.0,362820,0.5998611202962767,2500,3,True,0.15501551742231634,0.000800911848097311,0.9710666666666666,0.005896891836665576,0.9697333333333334,0.005445487428443224,0.9888,0.0006928203230276028
enumerated,6.1,343035,0.5671499900800212,2500,3,True,0.1557428781682123,0.0007323043199039909,0.9697333333333334,0.006354001363970031,0.9681333333333333,0.0056615663321498925,0.9895999999999999,0.00040000000000001146
enumerated,6.2,321994,0.5323622776271411,2500,3,True,0.15655282166481901,0.0007441053032694877,0.9670666666666667,0.007571877794400371,0.9653333333333333,0.007270029802781601,0.9909333333333333,0.0008326663997864681
enumerated,6.3,300078,0.49612790159380993,2500,3,True,0.1574499983225578,0.0007784211937488325,0.9645333333333334,0.0078008546540320215,0.9626666666666667,0.007635007094517591,0.9912,0.0008000000000000229
enumerated,6.4,277516,0.45882547450565436,2500,3,True,0.15824659890352538,0.0006155425141033916,0.9630666666666666,0.009263548636096944,0.9603999999999999,0.009059801322324909,0.9913333333333333,0.0010066445913694327
enumerated,6.5,254251,0.42036075656371935,2500,3,True,0.15938329868273093,0.00074819393377593,0.9609333333333333,0.008619358058076766,0.9582666666666667,0.008488423489278392,0.9906666666666667,0.0012858201014657527
enumerated,6.6,230872,0.3817075590238741,2500,3,True,0.1605614909026083,0.0007824859421388443,0.9581333333333334,0.007114304838375524,0.9552,0.0066813172353960785,0.9918666666666667,0.0010066445913694327
enumerated,6.7,207927,0.34377190661993257,2500,3,True,0.16224000278025727,0.0004511003930666018,0.9544,0.0031749015732775157,0.9517333333333333,0.002571640202931465,0.9914666666666667,0.00023094010767588897
enumerated,6.8,185408,0.30654057271344487,2500,3,True,0.1630764071247617,0.0008030223170962848,0.9517333333333333,0.0018903262505010662,0.9482666666666666,0.0020526405757787585,0.9916,0.0006928203230275387
enumerated,6.9,163256,0.26991601084584355,2500,3,True,0.16471785126711447,0.0006177624910434265,0.9470666666666666,0.00100664459136944,0.9426666666666667,0.001973153144926473,0.9910666666666667,0.0008326663997864681
enumerated,7.0,140934,0.23301038291118312,2500,3,True,0.16625103864670068,0.0006823796442748664,0.9384,0.0027999999999999852,0.932,0.0018330302779823644,0.9905333333333334,0.0009237604307034277
enumerated,7.1,118829,0.19646352754447458,2500,3,True,0.16903004982406714,0.0009492661621418825,0.9302666666666667,0.004936935621752991,0.9233333333333333,0.004085747585611917,0.9910666666666667,0.0014047538337136544
enumerated,7.2,97303,0.16087395013557304,2500,3,True,0.1718780231478646,0.0010042095385727468,0.9214666666666668,0.007486877408728793,0.9136000000000001,0.007277362159464132,0.9914666666666667,0.0012858201014657124
enumerated,7.3,77135,0.1275295946035315,2500,3,True,0.1756152656152121,0.0006758489106771466,0.9054666666666668,0.00394630628985301,0.8952,0.0027999999999999852,0.9893333333333333,0.0016165807537309664
enumerated,7.4,59138,0.09777461808081477,2500,3,True,0.17911396191072657,0.0007193706357524357,0.8904,0.004915282290977809,0.8777333333333334,0.0062010751755912225,0.9895999999999999,0.0026229754097207908
enumerated,7.5,43609,0.07210005951987303,2500,3,True,0.18281444215251264,0.0008324272691901251,0.8649333333333334,0.005033222956847171,0.8462666666666667,0.004548992562461884,0.9924,0.0015999999999999903
enumerated,7.6,30929,0.05113583757687984,2500,3,True,0.18491787161620352,0.0006698247390175504,0.8392,0.008772684879784514,0.8132,0.007989993742175258,0.9945333333333334,0.0014047538337137123
enumerated,7.7,21708,0.035890483433635344,2500,3,True,0.1864964125267288,0.0008822172482007715,0.7991999999999999,0.00262297540972085,0.774,0.004915282290977786,0.996,0.0010583005244258247
enumerated,7.8,14979,0.024765227167515377,2500,3,True,0.19052099794857072,0.00017524696937852019,0.7484000000000001,0.003666060555964656,0.7149333333333333,0.0018475208614067912,0.9966666666666667,0.0010066445913694327
enumerated,7.9,9614,0.015895112757092784,2500,3,True,0.1973415974717201,0.0005439935831112831,0.6751999999999999,0.008551023330572763,0.6341333333333333,0.0070465121395860576,0.9974666666666666,0.00046188021535171385
enumerated,8.0,5195,0.008589048343363534,2500,3,True,0.2090853485877104,0.0011487064591882096,0.5722666666666667,0.008637900979597607,0.5294666666666666,0.005689756878227188,0.9981333333333332,0.0010066445913694327
