seed,generator,target,cell,arm,gate,gate_matches_run,budget_rxns,modes_at_R,used_rxns,reward_gen_calls,status,n_modes_available,rxn_per_mode
42,fraggfn,clpp,fraggfn_clpp,hub_batching,-8.0,True,50,46,50,1050,budget-binding,300,1.087
42,fraggfn,clpp,fraggfn_clpp,hub_batching,-8.0,True,100,96,100,1050,budget-binding,300,1.042
42,fraggfn,clpp,fraggfn_clpp,hub_batching,-8.0,True,150,138,150,4830,budget-binding,300,1.087
42,fraggfn,clpp,fraggfn_clpp,hub_batching,-8.0,True,200,184,200,6195,budget-binding,300,1.087
42,fraggfn,clpp,fraggfn_clpp,best_candidate,-8.0,True,50,10,50,0,budget-binding,300,5.0
42,fraggfn,clpp,fraggfn_clpp,best_candidate,-8.0,True,100,20,100,0,budget-binding,300,5.0
42,fraggfn,clpp,fraggfn_clpp,best_candidate,-8.0,True,150,30,150,0,budget-binding,300,5.0
42,fraggfn,clpp,fraggfn_clpp,best_candidate,-8.0,True,200,40,196,0,budget-binding,300,4.9
42,fraggfn,drd2,fraggfn_drd2,hub_batching,0.5,True,50,42,50,2310,budget-binding,300,1.19
42,fraggfn,drd2,fraggfn_drd2,hub_batching,0.5,True,100,88,100,3255,budget-binding,300,1.136
42,fraggfn,drd2,fraggfn_drd2,hub_batching,0.5,True,150,126,150,6405,budget-binding,300,1.19
42,fraggfn,drd2,fraggfn_drd2,hub_batching,0.5,True,200,172,200,7560,budget-binding,300,1.163
42,fraggfn,drd2,fraggfn_drd2,best_candidate,0.5,True,50,10,50,0,budget-binding,300,5.0
42,fraggfn,drd2,fraggfn_drd2,best_candidate,0.5,True,100,20,100,0,budget-binding,300,5.0
42,fraggfn,drd2,fraggfn_drd2,best_candidate,0.5,True,150,30,150,0,budget-binding,300,5.0
42,fraggfn,drd2,fraggfn_drd2,best_candidate,0.5,True,200,40,200,0,budget-binding,300,5.0
42,fraggfn,seh,fraggfn_seh,hub_batching,5.0,True,50,38,50,4620,budget-binding,300,1.316
42,fraggfn,seh,fraggfn_seh,hub_batching,5.0,True,100,83,99,6405,budget-binding,300,1.193
42,fraggfn,seh,fraggfn_seh,hub_batching,5.0,True,150,123,147,9765,budget-binding,300,1.195
42,fraggfn,seh,fraggfn_seh,hub_batching,5.0,True,200,164,200,14490,budget-binding,300,1.22
42,fraggfn,seh,fraggfn_seh,best_candidate,5.0,True,50,10,50,0,budget-binding,300,5.0
42,fraggfn,seh,fraggfn_seh,best_candidate,5.0,True,100,20,100,0,budget-binding,300,5.0
42,fraggfn,seh,fraggfn_seh,best_candidate,5.0,True,150,30,150,0,budget-binding,300,5.0
42,fraggfn,seh,fraggfn_seh,best_candidate,5.0,True,200,40,200,0,budget-binding,300,5.0
42,rgfn,drd2,rgfn_drd2,hub_batching,0.5,True,50,40,50,5293,budget-binding,300,1.25
42,rgfn,drd2,rgfn_drd2,hub_batching,0.5,True,100,82,100,8274,budget-binding,300,1.22
42,rgfn,drd2,rgfn_drd2,hub_batching,0.5,True,150,127,150,10827,budget-binding,300,1.181
42,rgfn,drd2,rgfn_drd2,hub_batching,0.5,True,200,164,200,16272,budget-binding,300,1.22
42,rgfn,drd2,rgfn_drd2,best_candidate,0.5,True,50,12,47,0,budget-binding,300,3.917
42,rgfn,drd2,rgfn_drd2,best_candidate,0.5,True,100,25,97,0,budget-binding,300,3.88
42,rgfn,drd2,rgfn_drd2,best_candidate,0.5,True,150,39,150,0,budget-binding,300,3.846
42,rgfn,drd2,rgfn_drd2,best_candidate,0.5,True,200,52,199,0,budget-binding,300,3.827
42,rgfn,seh,rgfn_seh,hub_batching,5.0,True,50,31,47,4549,budget-binding,300,1.516
42,rgfn,seh,rgfn_seh,hub_batching,5.0,True,100,61,100,11600,budget-binding,300,1.639
42,rgfn,seh,rgfn_seh,hub_batching,5.0,True,150,91,147,18071,budget-binding,300,1.615
42,rgfn,seh,rgfn_seh,hub_batching,5.0,True,200,118,198,26915,budget-binding,300,1.678
42,rgfn,seh,rgfn_seh,best_candidate,5.0,True,50,12,47,0,budget-binding,300,3.917
42,rgfn,seh,rgfn_seh,best_candidate,5.0,True,100,25,99,0,budget-binding,300,3.96
42,rgfn,seh,rgfn_seh,best_candidate,5.0,True,150,37,147,0,budget-binding,300,3.973
42,rgfn,seh,rgfn_seh,best_candidate,5.0,True,200,50,199,0,budget-binding,300,3.98
42,rxnflow,clpp,rxnflow_clpp,hub_batching,-8.0,True,50,40,50,6057,budget-binding,300,1.25
42,rxnflow,clpp,rxnflow_clpp,hub_batching,-8.0,True,100,81,100,14293,budget-binding,300,1.235
42,rxnflow,clpp,rxnflow_clpp,hub_batching,-8.0,True,150,123,150,20946,budget-binding,300,1.22
42,rxnflow,clpp,rxnflow_clpp,hub_batching,-8.0,True,200,163,200,28308,budget-binding,300,1.227
42,rxnflow,clpp,rxnflow_clpp,best_candidate,-8.0,True,50,16,48,0,budget-binding,300,3.0
42,rxnflow,clpp,rxnflow_clpp,best_candidate,-8.0,True,100,33,99,0,budget-binding,300,3.0
42,rxnflow,clpp,rxnflow_clpp,best_candidate,-8.0,True,150,50,150,0,budget-binding,300,3.0
42,rxnflow,clpp,rxnflow_clpp,best_candidate,-8.0,True,200,66,198,0,budget-binding,300,3.0
42,rxnflow,drd2,rxnflow_drd2,hub_batching,0.5,True,50,29,49,8900,budget-binding,300,1.69
42,rxnflow,drd2,rxnflow_drd2,hub_batching,0.5,True,100,55,99,18720,budget-binding,300,1.8
42,rxnflow,drd2,rxnflow_drd2,hub_batching,0.5,True,150,87,150,27597,budget-binding,300,1.724
42,rxnflow,drd2,rxnflow_drd2,hub_batching,0.5,True,200,115,200,37888,budget-binding,300,1.739
42,rxnflow,drd2,rxnflow_drd2,best_candidate,0.5,True,50,17,50,0,budget-binding,277,2.941
42,rxnflow,drd2,rxnflow_drd2,best_candidate,0.5,True,100,33,98,0,budget-binding,277,2.97
42,rxnflow,drd2,rxnflow_drd2,best_candidate,0.5,True,150,50,149,0,budget-binding,277,2.98
42,rxnflow,drd2,rxnflow_drd2,best_candidate,0.5,True,200,67,200,0,budget-binding,277,2.985
42,rxnflow,seh,rxnflow_seh,hub_batching,5.0,True,50,39,48,6702,budget-binding,300,1.231
42,rxnflow,seh,rxnflow_seh,hub_batching,5.0,True,100,79,100,14499,budget-binding,300,1.266
42,rxnflow,seh,rxnflow_seh,hub_batching,5.0,True,150,117,150,22688,budget-binding,300,1.282
42,rxnflow,seh,rxnflow_seh,hub_batching,5.0,True,200,153,200,30987,budget-binding,300,1.307
42,rxnflow,seh,rxnflow_seh,best_candidate,5.0,True,50,16,48,0,budget-binding,300,3.0
42,rxnflow,seh,rxnflow_seh,best_candidate,5.0,True,100,33,99,0,budget-binding,300,3.0
42,rxnflow,seh,rxnflow_seh,best_candidate,5.0,True,150,50,150,0,budget-binding,300,3.0
42,rxnflow,seh,rxnflow_seh,best_candidate,5.0,True,200,66,198,0,budget-binding,300,3.0
42,scent,clpp,scent_clpp,hub_batching,-8.0,True,50,29,50,1860,budget-binding,300,1.724
42,scent,clpp,scent_clpp,hub_batching,-8.0,True,100,79,100,15328,budget-binding,300,1.266
42,scent,clpp,scent_clpp,hub_batching,-8.0,True,150,129,150,15328,budget-binding,300,1.163
42,scent,clpp,scent_clpp,hub_batching,-8.0,True,200,174,200,19984,budget-binding,300,1.149
42,scent,clpp,scent_clpp,best_candidate,-8.0,True,50,13,50,0,budget-binding,300,3.846
42,scent,clpp,scent_clpp,best_candidate,-8.0,True,100,27,98,0,budget-binding,300,3.63
42,scent,clpp,scent_clpp,best_candidate,-8.0,True,150,40,147,0,budget-binding,300,3.675
42,scent,clpp,scent_clpp,best_candidate,-8.0,True,200,55,200,0,budget-binding,300,3.636
42,scent,drd2,scent_drd2,hub_batching,0.5,True,50,29,50,29003,budget-binding,300,1.724
42,scent,drd2,scent_drd2,hub_batching,0.5,True,100,77,100,49441,budget-binding,300,1.299
42,scent,drd2,scent_drd2,hub_batching,0.5,True,150,125,150,74860,budget-binding,300,1.2
42,scent,drd2,scent_drd2,hub_batching,0.5,True,200,171,200,118554,budget-binding,300,1.17
42,scent,drd2,scent_drd2,best_candidate,0.5,True,50,13,50,0,budget-binding,300,3.846
42,scent,drd2,scent_drd2,best_candidate,0.5,True,100,26,99,0,budget-binding,300,3.808
42,scent,drd2,scent_drd2,best_candidate,0.5,True,150,39,149,0,budget-binding,300,3.821
42,scent,drd2,scent_drd2,best_candidate,0.5,True,200,53,198,0,budget-binding,300,3.736
42,scent,seh,scent_seh,hub_batching,5.0,True,50,28,50,3761,budget-binding,300,1.786
42,scent,seh,scent_seh,hub_batching,5.0,True,100,77,100,7638,budget-binding,300,1.299
42,scent,seh,scent_seh,hub_batching,5.0,True,150,126,150,12592,budget-binding,300,1.19
42,scent,seh,scent_seh,hub_batching,5.0,True,200,176,200,21546,budget-binding,300,1.136
42,scent,seh,scent_seh,best_candidate,5.0,True,50,13,48,0,budget-binding,300,3.692
42,scent,seh,scent_seh,best_candidate,5.0,True,100,28,100,0,budget-binding,300,3.571
42,scent,seh,scent_seh,best_candidate,5.0,True,150,42,149,0,budget-binding,300,3.548
42,scent,seh,scent_seh,best_candidate,5.0,True,200,55,198,0,budget-binding,300,3.6
43,fraggfn,clpp,fraggfn_clpp,hub_batching,-8.0,True,50,42,50,3360,budget-binding,300,1.19
43,fraggfn,clpp,fraggfn_clpp,hub_batching,-8.0,True,100,84,100,6300,budget-binding,300,1.19
43,fraggfn,clpp,fraggfn_clpp,hub_batching,-8.0,True,150,134,150,6300,budget-binding,300,1.119
43,fraggfn,clpp,fraggfn_clpp,hub_batching,-8.0,True,200,180,200,8085,budget-binding,300,1.111
43,fraggfn,clpp,fraggfn_clpp,best_candidate,-8.0,True,50,10,50,0,budget-binding,300,5.0
43,fraggfn,clpp,fraggfn_clpp,best_candidate,-8.0,True,100,20,100,0,budget-binding,300,5.0
43,fraggfn,clpp,fraggfn_clpp,best_candidate,-8.0,True,150,30,150,0,budget-binding,300,5.0
43,fraggfn,clpp,fraggfn_clpp,best_candidate,-8.0,True,200,40,200,0,budget-binding,300,5.0
43,fraggfn,drd2,fraggfn_drd2,hub_batching,0.5,True,50,38,50,3465,budget-binding,300,1.316
43,fraggfn,drd2,fraggfn_drd2,hub_batching,0.5,True,100,80,100,5565,budget-binding,300,1.25
43,fraggfn,drd2,fraggfn_drd2,hub_batching,0.5,True,150,123,147,6510,budget-binding,300,1.195
43,fraggfn,drd2,fraggfn_drd2,hub_batching,0.5,True,200,168,200,8715,budget-binding,300,1.19
43,fraggfn,drd2,fraggfn_drd2,best_candidate,0.5,True,50,10,50,0,budget-binding,300,5.0
43,fraggfn,drd2,fraggfn_drd2,best_candidate,0.5,True,100,20,100,0,budget-binding,300,5.0
43,fraggfn,drd2,fraggfn_drd2,best_candidate,0.5,True,150,30,150,0,budget-binding,300,5.0
43,fraggfn,drd2,fraggfn_drd2,best_candidate,0.5,True,200,40,200,0,budget-binding,300,5.0
43,fraggfn,seh,fraggfn_seh,hub_batching,5.0,True,50,38,50,4725,budget-binding,300,1.316
43,fraggfn,seh,fraggfn_seh,hub_batching,5.0,True,100,80,100,8085,budget-binding,300,1.25
43,fraggfn,seh,fraggfn_seh,hub_batching,5.0,True,150,122,150,11445,budget-binding,300,1.23
43,fraggfn,seh,fraggfn_seh,hub_batching,5.0,True,200,164,196,13125,budget-binding,300,1.195
43,fraggfn,seh,fraggfn_seh,best_candidate,5.0,True,50,10,50,0,budget-binding,300,5.0
43,fraggfn,seh,fraggfn_seh,best_candidate,5.0,True,100,20,100,0,budget-binding,300,5.0
43,fraggfn,seh,fraggfn_seh,best_candidate,5.0,True,150,30,150,0,budget-binding,300,5.0
43,fraggfn,seh,fraggfn_seh,best_candidate,5.0,True,200,40,200,0,budget-binding,300,5.0
43,rgfn,clpp,rgfn_clpp,hub_batching,-8.0,True,50,36,50,6539,budget-binding,300,1.389
43,rgfn,clpp,rgfn_clpp,hub_batching,-8.0,True,100,66,100,14338,budget-binding,300,1.515
43,rgfn,clpp,rgfn_clpp,hub_batching,-8.0,True,150,93,147,20984,budget-binding,300,1.581
43,rgfn,clpp,rgfn_clpp,hub_batching,-8.0,True,200,119,197,29145,budget-binding,300,1.655
43,rgfn,clpp,rgfn_clpp,best_candidate,-8.0,True,50,14,49,0,budget-binding,300,3.5
43,rgfn,clpp,rgfn_clpp,best_candidate,-8.0,True,100,28,98,0,budget-binding,300,3.5
43,rgfn,clpp,rgfn_clpp,best_candidate,-8.0,True,150,41,147,0,budget-binding,300,3.585
43,rgfn,clpp,rgfn_clpp,best_candidate,-8.0,True,200,55,199,0,budget-binding,300,3.618
43,rgfn,drd2,rgfn_drd2,hub_batching,0.5,True,50,43,50,2965,budget-binding,300,1.163
43,rgfn,drd2,rgfn_drd2,hub_batching,0.5,True,100,84,100,8483,budget-binding,300,1.19
43,rgfn,drd2,rgfn_drd2,hub_batching,0.5,True,150,119,149,14414,budget-binding,300,1.252
43,rgfn,drd2,rgfn_drd2,hub_batching,0.5,True,200,158,200,21148,budget-binding,300,1.266
43,rgfn,drd2,rgfn_drd2,best_candidate,0.5,True,50,13,50,0,budget-binding,300,3.846
43,rgfn,drd2,rgfn_drd2,best_candidate,0.5,True,100,26,99,0,budget-binding,300,3.808
43,rgfn,drd2,rgfn_drd2,best_candidate,0.5,True,150,39,149,0,budget-binding,300,3.821
43,rgfn,drd2,rgfn_drd2,best_candidate,0.5,True,200,52,200,0,budget-binding,300,3.846
43,rgfn,seh,rgfn_seh,hub_batching,5.0,True,50,27,50,6863,budget-binding,300,1.852
43,rgfn,seh,rgfn_seh,hub_batching,5.0,True,100,50,100,12057,budget-binding,300,2.0
43,rgfn,seh,rgfn_seh,hub_batching,5.0,True,150,80,148,16875,budget-binding,300,1.85
43,rgfn,seh,rgfn_seh,hub_batching,5.0,True,200,124,199,19244,budget-binding,300,1.605
43,rgfn,seh,rgfn_seh,best_candidate,5.0,True,50,12,48,0,budget-binding,300,4.0
43,rgfn,seh,rgfn_seh,best_candidate,5.0,True,100,26,99,0,budget-binding,300,3.808
43,rgfn,seh,rgfn_seh,best_candidate,5.0,True,150,39,149,0,budget-binding,300,3.821
43,rgfn,seh,rgfn_seh,best_candidate,5.0,True,200,53,200,0,budget-binding,300,3.774
43,rxnflow,clpp,rxnflow_clpp,hub_batching,-8.0,True,50,43,49,3455,budget-binding,300,1.14
43,rxnflow,clpp,rxnflow_clpp,hub_batching,-8.0,True,100,83,98,9068,budget-binding,300,1.181
43,rxnflow,clpp,rxnflow_clpp,hub_batching,-8.0,True,150,125,150,14793,budget-binding,300,1.2
43,rxnflow,clpp,rxnflow_clpp,hub_batching,-8.0,True,200,171,200,17438,budget-binding,300,1.17
43,rxnflow,clpp,rxnflow_clpp,best_candidate,-8.0,True,50,17,50,0,budget-binding,300,2.941
43,rxnflow,clpp,rxnflow_clpp,best_candidate,-8.0,True,100,34,99,0,budget-binding,300,2.912
43,rxnflow,clpp,rxnflow_clpp,best_candidate,-8.0,True,150,51,150,0,budget-binding,300,2.941
43,rxnflow,clpp,rxnflow_clpp,best_candidate,-8.0,True,200,69,200,0,budget-binding,300,2.899
43,rxnflow,drd2,rxnflow_drd2,hub_batching,0.5,True,50,48,50,2164,budget-binding,300,1.042
43,rxnflow,drd2,rxnflow_drd2,hub_batching,0.5,True,100,89,100,6703,budget-binding,300,1.124
43,rxnflow,drd2,rxnflow_drd2,hub_batching,0.5,True,150,128,150,12670,budget-binding,300,1.172
43,rxnflow,drd2,rxnflow_drd2,hub_batching,0.5,True,200,164,200,19381,budget-binding,300,1.22
43,rxnflow,drd2,rxnflow_drd2,best_candidate,0.5,True,50,19,49,0,budget-binding,78,2.579
43,rxnflow,drd2,rxnflow_drd2,best_candidate,0.5,True,100,38,98,0,budget-binding,78,2.579
43,rxnflow,drd2,rxnflow_drd2,best_candidate,0.5,True,150,57,150,0,budget-binding,78,2.632
43,rxnflow,drd2,rxnflow_drd2,best_candidate,0.5,True,200,78,197,0,pool-exhausted,78,2.526
43,rxnflow,seh,rxnflow_seh,hub_batching,5.0,True,50,44,50,2493,budget-binding,300,1.136
43,rxnflow,seh,rxnflow_seh,hub_batching,5.0,True,100,90,100,4041,budget-binding,300,1.111
43,rxnflow,seh,rxnflow_seh,hub_batching,5.0,True,150,130,150,7561,budget-binding,300,1.154
43,rxnflow,seh,rxnflow_seh,hub_batching,5.0,True,200,170,200,12332,budget-binding,300,1.176
43,rxnflow,seh,rxnflow_seh,best_candidate,5.0,True,50,16,48,0,budget-binding,300,3.0
43,rxnflow,seh,rxnflow_seh,best_candidate,5.0,True,100,33,99,0,budget-binding,300,3.0
43,rxnflow,seh,rxnflow_seh,best_candidate,5.0,True,150,50,148,0,budget-binding,300,2.96
43,rxnflow,seh,rxnflow_seh,best_candidate,5.0,True,200,68,200,0,budget-binding,300,2.941
43,scent,clpp,scent_clpp,hub_batching,-8.0,True,50,30,50,3862,budget-binding,300,1.667
43,scent,clpp,scent_clpp,hub_batching,-8.0,True,100,78,100,6292,budget-binding,300,1.282
43,scent,clpp,scent_clpp,hub_batching,-8.0,True,150,123,150,15177,budget-binding,300,1.22
43,scent,clpp,scent_clpp,hub_batching,-8.0,True,200,167,200,19961,budget-binding,300,1.198
43,scent,clpp,scent_clpp,best_candidate,-8.0,True,50,13,47,0,budget-binding,300,3.615
43,scent,clpp,scent_clpp,best_candidate,-8.0,True,100,29,99,0,budget-binding,300,3.414
43,scent,clpp,scent_clpp,best_candidate,-8.0,True,150,45,148,0,budget-binding,300,3.289
43,scent,clpp,scent_clpp,best_candidate,-8.0,True,200,60,200,0,budget-binding,300,3.333
43,scent,drd2,scent_drd2,hub_batching,0.5,True,50,28,50,9534,budget-binding,300,1.786
43,scent,drd2,scent_drd2,hub_batching,0.5,True,100,78,100,9534,budget-binding,300,1.282
43,scent,drd2,scent_drd2,hub_batching,0.5,True,150,126,150,22159,budget-binding,300,1.19
43,scent,drd2,scent_drd2,hub_batching,0.5,True,200,173,200,28241,budget-binding,300,1.156
43,scent,drd2,scent_drd2,best_candidate,0.5,True,50,13,48,0,budget-binding,300,3.692
43,scent,drd2,scent_drd2,best_candidate,0.5,True,100,26,97,0,budget-binding,300,3.731
43,scent,drd2,scent_drd2,best_candidate,0.5,True,150,40,150,0,budget-binding,300,3.75
43,scent,drd2,scent_drd2,best_candidate,0.5,True,200,53,200,0,budget-binding,300,3.774
43,scent,seh,scent_seh,hub_batching,5.0,True,50,29,50,6434,budget-binding,300,1.724
43,scent,seh,scent_seh,hub_batching,5.0,True,100,79,100,14803,budget-binding,300,1.266
43,scent,seh,scent_seh,hub_batching,5.0,True,150,129,150,14803,budget-binding,300,1.163
43,scent,seh,scent_seh,hub_batching,5.0,True,200,177,199,20891,budget-binding,300,1.124
43,scent,seh,scent_seh,best_candidate,5.0,True,50,13,48,0,budget-binding,300,3.692
43,scent,seh,scent_seh,best_candidate,5.0,True,100,27,97,0,budget-binding,300,3.593
43,scent,seh,scent_seh,best_candidate,5.0,True,150,41,148,0,budget-binding,300,3.61
43,scent,seh,scent_seh,best_candidate,5.0,True,200,56,199,0,budget-binding,300,3.554
44,fraggfn,drd2,fraggfn_drd2,hub_batching,0.5,True,50,38,50,2835,budget-binding,300,1.316
44,fraggfn,drd2,fraggfn_drd2,hub_batching,0.5,True,100,77,97,4935,budget-binding,300,1.26
44,fraggfn,drd2,fraggfn_drd2,hub_batching,0.5,True,150,114,150,8820,budget-binding,300,1.316
44,fraggfn,drd2,fraggfn_drd2,hub_batching,0.5,True,200,152,200,11655,budget-binding,300,1.316
44,fraggfn,drd2,fraggfn_drd2,best_candidate,0.5,True,50,10,50,0,budget-binding,300,5.0
44,fraggfn,drd2,fraggfn_drd2,best_candidate,0.5,True,100,20,100,0,budget-binding,300,5.0
44,fraggfn,drd2,fraggfn_drd2,best_candidate,0.5,True,150,30,150,0,budget-binding,300,5.0
44,fraggfn,drd2,fraggfn_drd2,best_candidate,0.5,True,200,40,200,0,budget-binding,300,5.0
44,fraggfn,seh,fraggfn_seh,hub_batching,5.0,True,50,38,46,2730,budget-binding,300,1.211
44,fraggfn,seh,fraggfn_seh,hub_batching,5.0,True,100,80,100,7035,budget-binding,300,1.25
44,fraggfn,seh,fraggfn_seh,hub_batching,5.0,True,150,122,150,10395,budget-binding,300,1.23
44,fraggfn,seh,fraggfn_seh,hub_batching,5.0,True,200,164,200,13020,budget-binding,300,1.22
44,fraggfn,seh,fraggfn_seh,best_candidate,5.0,True,50,10,50,0,budget-binding,300,5.0
44,fraggfn,seh,fraggfn_seh,best_candidate,5.0,True,100,20,100,0,budget-binding,300,5.0
44,fraggfn,seh,fraggfn_seh,best_candidate,5.0,True,150,30,150,0,budget-binding,300,5.0
44,fraggfn,seh,fraggfn_seh,best_candidate,5.0,True,200,40,200,0,budget-binding,300,5.0
44,rgfn,drd2,rgfn_drd2,hub_batching,0.5,True,50,43,50,5643,budget-binding,300,1.163
44,rgfn,drd2,rgfn_drd2,hub_batching,0.5,True,100,89,100,7890,budget-binding,300,1.124
44,rgfn,drd2,rgfn_drd2,hub_batching,0.5,True,150,129,148,10364,budget-binding,300,1.147
44,rgfn,drd2,rgfn_drd2,hub_batching,0.5,True,200,168,200,15832,budget-binding,300,1.19
44,rgfn,drd2,rgfn_drd2,best_candidate,0.5,True,50,12,47,0,budget-binding,300,3.917
44,rgfn,drd2,rgfn_drd2,best_candidate,0.5,True,100,25,97,0,budget-binding,300,3.88
44,rgfn,drd2,rgfn_drd2,best_candidate,0.5,True,150,39,148,0,budget-binding,300,3.795
44,rgfn,drd2,rgfn_drd2,best_candidate,0.5,True,200,52,199,0,budget-binding,300,3.827
44,rgfn,seh,rgfn_seh,hub_batching,5.0,True,50,23,48,6946,budget-binding,300,2.087
44,rgfn,seh,rgfn_seh,hub_batching,5.0,True,100,49,100,13420,budget-binding,300,2.041
44,rgfn,seh,rgfn_seh,hub_batching,5.0,True,150,79,147,17486,budget-binding,300,1.861
44,rgfn,seh,rgfn_seh,hub_batching,5.0,True,200,104,200,24891,budget-binding,300,1.923
44,rgfn,seh,rgfn_seh,best_candidate,5.0,True,50,13,49,0,budget-binding,300,3.769
44,rgfn,seh,rgfn_seh,best_candidate,5.0,True,100,26,99,0,budget-binding,300,3.808
44,rgfn,seh,rgfn_seh,best_candidate,5.0,True,150,39,150,0,budget-binding,300,3.846
44,rgfn,seh,rgfn_seh,best_candidate,5.0,True,200,51,198,0,budget-binding,300,3.882
44,rxnflow,drd2,rxnflow_drd2,hub_batching,0.5,True,50,40,49,6198,budget-binding,300,1.225
44,rxnflow,drd2,rxnflow_drd2,hub_batching,0.5,True,100,80,100,10859,budget-binding,300,1.25
44,rxnflow,drd2,rxnflow_drd2,hub_batching,0.5,True,150,113,150,19838,budget-binding,300,1.327
44,rxnflow,drd2,rxnflow_drd2,hub_batching,0.5,True,200,144,200,33271,budget-binding,300,1.389
44,rxnflow,drd2,rxnflow_drd2,best_candidate,0.5,True,50,20,50,0,budget-binding,32,2.5
44,rxnflow,drd2,rxnflow_drd2,best_candidate,0.5,True,100,32,79,0,pool-exhausted,32,2.469
44,rxnflow,drd2,rxnflow_drd2,best_candidate,0.5,True,150,32,79,0,pool-exhausted,32,2.469
44,rxnflow,drd2,rxnflow_drd2,best_candidate,0.5,True,200,32,79,0,pool-exhausted,32,2.469
44,rxnflow,seh,rxnflow_seh,hub_batching,5.0,True,50,35,50,2132,budget-binding,300,1.429
44,rxnflow,seh,rxnflow_seh,hub_batching,5.0,True,100,73,100,4636,budget-binding,300,1.37
44,rxnflow,seh,rxnflow_seh,hub_batching,5.0,True,150,110,150,8782,budget-binding,300,1.364
44,rxnflow,seh,rxnflow_seh,hub_batching,5.0,True,200,146,200,12960,budget-binding,300,1.37
44,rxnflow,seh,rxnflow_seh,best_candidate,5.0,True,50,18,50,0,budget-binding,117,2.778
44,rxnflow,seh,rxnflow_seh,best_candidate,5.0,True,100,37,100,0,budget-binding,117,2.703
44,rxnflow,seh,rxnflow_seh,best_candidate,5.0,True,150,54,150,0,budget-binding,117,2.778
44,rxnflow,seh,rxnflow_seh,best_candidate,5.0,True,200,74,198,0,budget-binding,117,2.676
44,scent,drd2,scent_drd2,hub_batching,0.5,True,50,29,50,33985,budget-binding,300,1.724
44,scent,drd2,scent_drd2,hub_batching,0.5,True,100,78,100,43866,budget-binding,300,1.282
44,scent,drd2,scent_drd2,hub_batching,0.5,True,150,126,150,59481,budget-binding,300,1.19
44,scent,drd2,scent_drd2,hub_batching,0.5,True,200,173,199,61003,budget-binding,300,1.15
44,scent,drd2,scent_drd2,best_candidate,0.5,True,50,14,50,0,budget-binding,300,3.571
44,scent,drd2,scent_drd2,best_candidate,0.5,True,100,28,100,0,budget-binding,300,3.571
44,scent,drd2,scent_drd2,best_candidate,0.5,True,150,41,147,0,budget-binding,300,3.585
44,scent,drd2,scent_drd2,best_candidate,0.5,True,200,55,200,0,budget-binding,300,3.636
44,scent,seh,scent_seh,hub_batching,5.0,True,50,30,50,8631,budget-binding,300,1.667
44,scent,seh,scent_seh,hub_batching,5.0,True,100,80,100,8631,budget-binding,300,1.25
44,scent,seh,scent_seh,hub_batching,5.0,True,150,129,150,17253,budget-binding,300,1.163
44,scent,seh,scent_seh,hub_batching,5.0,True,200,177,200,25272,budget-binding,300,1.13
44,scent,seh,scent_seh,best_candidate,5.0,True,50,12,47,0,budget-binding,300,3.917
44,scent,seh,scent_seh,best_candidate,5.0,True,100,27,99,0,budget-binding,300,3.667
44,scent,seh,scent_seh,best_candidate,5.0,True,150,42,150,0,budget-binding,300,3.571
44,scent,seh,scent_seh,best_candidate,5.0,True,200,57,200,0,budget-binding,300,3.509
